Product Image,Products Name,"Product Link (If the link does not work, please contact your CJ Agent)",SPU,Lists,Product Original Price ($),Product Unit Price After Discount ($),Shipping From,Verified Inventories,Unverified Inventories,Ship To,Logistics Cost Original Price ($),Logistics Cost After Discount ($),Customs Duty ($),Customs Clearance Fee ($),Total Amount Original Price ($),Total Amount After Discount ($),SKU Image,SKU,Specification Attribute 1,Specification Attribute Value 1,Specification Attribute 2,Specification Attribute Value 2,Specification Attribute 3,Specification Attribute Value 3,Variant Verified Inventories,Variant Unverified Inventories,SKU Unit Price Original Price ($),SKU Unit Price After Discount ($),Shipping Method,Delivery Time,Logistics Cost Original Price ($),Logistics Cost After Discount ($),Customs Duty ($),Customs Clearance Fee ($),Total Amount Original Price ($),Total Amount After Discount ($)
https://oss-cf.cjdropshipping.com/product/2024/12/02/08/93b6afb1-ea1d-4240-ab41-269bc0e4d57a.jpg,LED Rooster Night Light Touch With Sound Rechargeable Bedroom Bedside Lamp Dimmable Car Ambience Aroma Carrying Lamp Home Decor,https://www.cjdropshipping.com/product/led-rooster-night-light-touch-with-sound-rechargeable-bedroom-bedside-lamp-dimmable-car-ambience-aroma-carrying-lamp-home-decor-p-2411140340581600500.html,CJYD2194603,149,8.09,8.09,CN,0,65807,,,,0.00,0.00,8.09,8.09,https://oss-cf.cjdropshipping.com/product/2024/11/14/03/47fdfd6c-cde4-42d2-9eb4-556d0b5a2976_trans.jpeg,CJYD219460301AZ,Color,Space Gray,,,,,0,11913,8.09,8.09,,,,,0.00,0.00,8.09,8.09
https://oss-cf.cjdropshipping.com/product/2024/12/02/08/93b6afb1-ea1d-4240-ab41-269bc0e4d57a.jpg,LED Rooster Night Light Touch With Sound Rechargeable Bedroom Bedside Lamp Dimmable Car Ambience Aroma Carrying Lamp Home Decor,https://www.cjdropshipping.com/product/led-rooster-night-light-touch-with-sound-rechargeable-bedroom-bedside-lamp-dimmable-car-ambience-aroma-carrying-lamp-home-decor-p-2411140340581600500.html,CJYD2194603,149,8.09,8.09,CN_US,0,65807,,,,0.00,0.00,8.09,8.09,https://oss-cf.cjdropshipping.com/product/2024/11/14/03/47fdfd6c-cde4-42d2-9eb4-556d0b5a2976_trans.jpeg,CJYD219460301AZ,Color,Space Gray,,,,,0,0,8.09,8.09,,,,,0.00,0.00,8.09,8.09
https://oss-cf.cjdropshipping.com/product/2024/12/02/08/93b6afb1-ea1d-4240-ab41-269bc0e4d57a.jpg,LED Rooster Night Light Touch With Sound Rechargeable Bedroom Bedside Lamp Dimmable Car Ambience Aroma Carrying Lamp Home Decor,https://www.cjdropshipping.com/product/led-rooster-night-light-touch-with-sound-rechargeable-bedroom-bedside-lamp-dimmable-car-ambience-aroma-carrying-lamp-home-decor-p-2411140340581600500.html,CJYD2194603,149,8.09,8.09,CN,0,65807,,,,0.00,0.00,8.09,8.09,https://oss-cf.cjdropshipping.com/product/2024/11/14/03/9c96d9fa-bb7f-48b0-8c25-a69abf8b9a6c_trans.jpeg,CJYD219460302BY,Color,Modern Silver,,,,,0,13770,8.09,8.09,,,,,0.00,0.00,8.09,8.09
https://oss-cf.cjdropshipping.com/product/2024/12/02/08/93b6afb1-ea1d-4240-ab41-269bc0e4d57a.jpg,LED Rooster Night Light Touch With Sound Rechargeable Bedroom Bedside Lamp Dimmable Car Ambience Aroma Carrying Lamp Home Decor,https://www.cjdropshipping.com/product/led-rooster-night-light-touch-with-sound-rechargeable-bedroom-bedside-lamp-dimmable-car-ambience-aroma-carrying-lamp-home-decor-p-2411140340581600500.html,CJYD2194603,149,8.09,8.09,CN_US,0,65807,,,,0.00,0.00,8.09,8.09,https://oss-cf.cjdropshipping.com/product/2024/11/14/03/9c96d9fa-bb7f-48b0-8c25-a69abf8b9a6c_trans.jpeg,CJYD219460302BY,Color,Modern Silver,,,,,0,0,8.09,8.09,,,,,0.00,0.00,8.09,8.09
https://oss-cf.cjdropshipping.com/product/2024/12/02/08/93b6afb1-ea1d-4240-ab41-269bc0e4d57a.jpg,LED Rooster Night Light Touch With Sound Rechargeable Bedroom Bedside Lamp Dimmable Car Ambience Aroma Carrying Lamp Home Decor,https://www.cjdropshipping.com/product/led-rooster-night-light-touch-with-sound-rechargeable-bedroom-bedside-lamp-dimmable-car-ambience-aroma-carrying-lamp-home-decor-p-2411140340581600500.html,CJYD2194603,149,8.09,8.09,CN,0,65807,,,,0.00,0.00,8.09,8.09,https://oss-cf.cjdropshipping.com/product/2024/11/14/03/c1e03122-87d3-434f-86fb-1835a53f8a92_trans.jpeg,CJYD219460303CX,Color,Yellow Wood Grain,,,,,0,12560,8.09,8.09,,,,,0.00,0.00,8.09,8.09
https://oss-cf.cjdropshipping.com/product/2024/12/02/08/93b6afb1-ea1d-4240-ab41-269bc0e4d57a.jpg,LED Rooster Night Light Touch With Sound Rechargeable Bedroom Bedside Lamp Dimmable Car Ambience Aroma Carrying Lamp Home Decor,https://www.cjdropshipping.com/product/led-rooster-night-light-touch-with-sound-rechargeable-bedroom-bedside-lamp-dimmable-car-ambience-aroma-carrying-lamp-home-decor-p-2411140340581600500.html,CJYD2194603,149,8.09,8.09,CN_US,0,65807,,,,0.00,0.00,8.09,8.09,https://oss-cf.cjdropshipping.com/product/2024/11/14/03/c1e03122-87d3-434f-86fb-1835a53f8a92_trans.jpeg,CJYD219460303CX,Color,Yellow Wood Grain,,,,,0,0,8.09,8.09,,,,,0.00,0.00,8.09,8.09
https://oss-cf.cjdropshipping.com/product/2024/12/02/08/93b6afb1-ea1d-4240-ab41-269bc0e4d57a.jpg,LED Rooster Night Light Touch With Sound Rechargeable Bedroom Bedside Lamp Dimmable Car Ambience Aroma Carrying Lamp Home Decor,https://www.cjdropshipping.com/product/led-rooster-night-light-touch-with-sound-rechargeable-bedroom-bedside-lamp-dimmable-car-ambience-aroma-carrying-lamp-home-decor-p-2411140340581600500.html,CJYD2194603,149,8.09,8.09,CN,0,65807,,,,0.00,0.00,8.09,8.09,https://oss-cf.cjdropshipping.com/product/2024/11/14/03/2bebc6cc-bd70-4cd2-9c2a-c7673018fd0e_trans.jpeg,CJYD219460304DW,Color,Mahogany Texture,,,,,0,14485,8.09,8.09,,,,,0.00,0.00,8.09,8.09
https://oss-cf.cjdropshipping.com/product/2024/12/02/08/93b6afb1-ea1d-4240-ab41-269bc0e4d57a.jpg,LED Rooster Night Light Touch With Sound Rechargeable Bedroom Bedside Lamp Dimmable Car Ambience Aroma Carrying Lamp Home Decor,https://www.cjdropshipping.com/product/led-rooster-night-light-touch-with-sound-rechargeable-bedroom-bedside-lamp-dimmable-car-ambience-aroma-carrying-lamp-home-decor-p-2411140340581600500.html,CJYD2194603,149,8.09,8.09,CN_US,0,65807,,,,0.00,0.00,8.09,8.09,https://oss-cf.cjdropshipping.com/product/2024/11/14/03/2bebc6cc-bd70-4cd2-9c2a-c7673018fd0e_trans.jpeg,CJYD219460304DW,Color,Mahogany Texture,,,,,0,0,8.09,8.09,,,,,0.00,0.00,8.09,8.09
https://oss-cf.cjdropshipping.com/product/2024/12/02/08/93b6afb1-ea1d-4240-ab41-269bc0e4d57a.jpg,LED Rooster Night Light Touch With Sound Rechargeable Bedroom Bedside Lamp Dimmable Car Ambience Aroma Carrying Lamp Home Decor,https://www.cjdropshipping.com/product/led-rooster-night-light-touch-with-sound-rechargeable-bedroom-bedside-lamp-dimmable-car-ambience-aroma-carrying-lamp-home-decor-p-2411140340581600500.html,CJYD2194603,149,8.09,8.09,CN,0,65807,,,,0.00,0.00,8.09,8.09,https://oss-cf.cjdropshipping.com/product/2024/11/14/03/f5fc3862-1dd9-4999-bd77-e34e3f0e1dc4_trans.jpeg,CJYD219460305EV,Color,Wind Wood Grain,,,,,0,13079,8.09,8.09,,,,,0.00,0.00,8.09,8.09
https://oss-cf.cjdropshipping.com/product/2024/12/02/08/93b6afb1-ea1d-4240-ab41-269bc0e4d57a.jpg,LED Rooster Night Light Touch With Sound Rechargeable Bedroom Bedside Lamp Dimmable Car Ambience Aroma Carrying Lamp Home Decor,https://www.cjdropshipping.com/product/led-rooster-night-light-touch-with-sound-rechargeable-bedroom-bedside-lamp-dimmable-car-ambience-aroma-carrying-lamp-home-decor-p-2411140340581600500.html,CJYD2194603,149,8.09,8.09,CN_US,0,65807,,,,0.00,0.00,8.09,8.09,https://oss-cf.cjdropshipping.com/product/2024/11/14/03/f5fc3862-1dd9-4999-bd77-e34e3f0e1dc4_trans.jpeg,CJYD219460305EV,Color,Wind Wood Grain,,,,,0,0,8.09,8.09,,,,,0.00,0.00,8.09,8.09
https://oss-cf.cjdropshipping.com/product/2024/09/09/08/4934d1b2-5550-47aa-8ba8-4229de7188b2.jpg,Halloween Silicone Ghost Shaped Bedside Lamp With Touch Control Soft Glow For Water-resistant Decoration,https://www.cjdropshipping.com/product/halloween-silicone-ghost-shaped-bedside-lamp-with-touch-control-soft-glow-for-water-resistant-decoration-p-2408150326541603800.html,CJJT2110968,517,4.46,4.46,CN,0,12577,,,,0.00,0.00,4.46,4.46,https://oss-cf.cjdropshipping.com/product/2024/08/15/03/e7c8967f-0d76-4238-9de9-322f69bbfc40_trans.jpeg,CJJT211096801AZ,Light Source Power,0.5W,Light Color,Light Yellow,,,0,12577,4.46,4.46,,,,,0.00,0.00,4.46,4.46
https://oss-cf.cjdropshipping.com/product/2024/09/09/08/4934d1b2-5550-47aa-8ba8-4229de7188b2.jpg,Halloween Silicone Ghost Shaped Bedside Lamp With Touch Control Soft Glow For Water-resistant Decoration,https://www.cjdropshipping.com/product/halloween-silicone-ghost-shaped-bedside-lamp-with-touch-control-soft-glow-for-water-resistant-decoration-p-2408150326541603800.html,CJJT2110968,517,4.46,4.46,CN_US,0,12577,,,,0.00,0.00,4.46,4.46,https://oss-cf.cjdropshipping.com/product/2024/08/15/03/e7c8967f-0d76-4238-9de9-322f69bbfc40_trans.jpeg,CJJT211096801AZ,Light Source Power,0.5W,Light Color,Light Yellow,,,0,0,4.46,4.46,,,,,0.00,0.00,4.46,4.46
https://cf.cjdropshipping.com/quick/product/d544c414-9753-4e52-890c-f2035f164503.jpg,Simple Bedside Lamp Round Aisle Wall Lamp,https://www.cjdropshipping.com/product/simple-bedside-lamp-round-aisle-wall-lamp-p-2411240310211622700.html,CJYD2222423,38,6.15 -- 30.85,6.15 -- 30.85,CN,0,71409,,,,0.00,0.00,6.15-30.85,6.15-30.85,https://oss-cf.cjdropshipping.com/product/2024/11/24/03/af91a2cd-4cda-4881-af8a-68332cc05220_trans.jpeg,CJYD222242301AZ,Light Source Power,6W,Light Color,Brushed Black,,,0,12989,30.85,30.85,,,,,0.00,0.00,30.85,30.85
https://cf.cjdropshipping.com/quick/product/d544c414-9753-4e52-890c-f2035f164503.jpg,Simple Bedside Lamp Round Aisle Wall Lamp,https://www.cjdropshipping.com/product/simple-bedside-lamp-round-aisle-wall-lamp-p-2411240310211622700.html,CJYD2222423,38,6.15 -- 30.85,6.15 -- 30.85,CN_US,0,71409,,,,0.00,0.00,6.15-30.85,6.15-30.85,https://oss-cf.cjdropshipping.com/product/2024/11/24/03/af91a2cd-4cda-4881-af8a-68332cc05220_trans.jpeg,CJYD222242301AZ,Light Source Power,6W,Light Color,Brushed Black,,,0,0,30.85,30.85,,,,,0.00,0.00,30.85,30.85
https://cf.cjdropshipping.com/quick/product/d544c414-9753-4e52-890c-f2035f164503.jpg,Simple Bedside Lamp Round Aisle Wall Lamp,https://www.cjdropshipping.com/product/simple-bedside-lamp-round-aisle-wall-lamp-p-2411240310211622700.html,CJYD2222423,38,6.15 -- 30.85,6.15 -- 30.85,CN,0,71409,,,,0.00,0.00,6.15-30.85,6.15-30.85,https://oss-cf.cjdropshipping.com/product/2024/11/24/03/ccab1b7d-db44-4a0b-a24e-be9545d45c64_trans.jpeg,CJYD222242302BY,Light Source Power,6W,Light Color,Brushed Gold,,,0,14876,30.85,30.85,,,,,0.00,0.00,30.85,30.85
https://cf.cjdropshipping.com/quick/product/d544c414-9753-4e52-890c-f2035f164503.jpg,Simple Bedside Lamp Round Aisle Wall Lamp,https://www.cjdropshipping.com/product/simple-bedside-lamp-round-aisle-wall-lamp-p-2411240310211622700.html,CJYD2222423,38,6.15 -- 30.85,6.15 -- 30.85,CN_US,0,71409,,,,0.00,0.00,6.15-30.85,6.15-30.85,https://oss-cf.cjdropshipping.com/product/2024/11/24/03/ccab1b7d-db44-4a0b-a24e-be9545d45c64_trans.jpeg,CJYD222242302BY,Light Source Power,6W,Light Color,Brushed Gold,,,0,0,30.85,30.85,,,,,0.00,0.00,30.85,30.85
https://cf.cjdropshipping.com/quick/product/d544c414-9753-4e52-890c-f2035f164503.jpg,Simple Bedside Lamp Round Aisle Wall Lamp,https://www.cjdropshipping.com/product/simple-bedside-lamp-round-aisle-wall-lamp-p-2411240310211622700.html,CJYD2222423,38,6.15 -- 30.85,6.15 -- 30.85,CN,0,71409,,,,0.00,0.00,6.15-30.85,6.15-30.85,https://oss-cf.cjdropshipping.com/product/2024/11/24/03/49d5935c-b8ea-4e3b-b0fd-c7f558502a22_trans.jpeg,CJYD222242303CX,Light Source Power,6W,Light Color,Brushed Coffee Gold,,,0,11263,30.85,30.85,,,,,0.00,0.00,30.85,30.85
https://cf.cjdropshipping.com/quick/product/d544c414-9753-4e52-890c-f2035f164503.jpg,Simple Bedside Lamp Round Aisle Wall Lamp,https://www.cjdropshipping.com/product/simple-bedside-lamp-round-aisle-wall-lamp-p-2411240310211622700.html,CJYD2222423,38,6.15 -- 30.85,6.15 -- 30.85,CN_US,0,71409,,,,0.00,0.00,6.15-30.85,6.15-30.85,https://oss-cf.cjdropshipping.com/product/2024/11/24/03/49d5935c-b8ea-4e3b-b0fd-c7f558502a22_trans.jpeg,CJYD222242303CX,Light Source Power,6W,Light Color,Brushed Coffee Gold,,,0,0,30.85,30.85,,,,,0.00,0.00,30.85,30.85
https://cf.cjdropshipping.com/quick/product/d544c414-9753-4e52-890c-f2035f164503.jpg,Simple Bedside Lamp Round Aisle Wall Lamp,https://www.cjdropshipping.com/product/simple-bedside-lamp-round-aisle-wall-lamp-p-2411240310211622700.html,CJYD2222423,38,6.15 -- 30.85,6.15 -- 30.85,CN,0,71409,,,,0.00,0.00,6.15-30.85,6.15-30.85,https://oss-cf.cjdropshipping.com/product/2024/11/24/03/c28212cf-499f-4250-8295-4d1596e8f423_trans.jpeg,CJYD222242304DW,Light Source Power,6W,Light Color,Too Empty Gray,,,0,12927,30.85,30.85,,,,,0.00,0.00,30.85,30.85
https://cf.cjdropshipping.com/quick/product/d544c414-9753-4e52-890c-f2035f164503.jpg,Simple Bedside Lamp Round Aisle Wall Lamp,https://www.cjdropshipping.com/product/simple-bedside-lamp-round-aisle-wall-lamp-p-2411240310211622700.html,CJYD2222423,38,6.15 -- 30.85,6.15 -- 30.85,CN_US,0,71409,,,,0.00,0.00,6.15-30.85,6.15-30.85,https://oss-cf.cjdropshipping.com/product/2024/11/24/03/c28212cf-499f-4250-8295-4d1596e8f423_trans.jpeg,CJYD222242304DW,Light Source Power,6W,Light Color,Too Empty Gray,,,0,0,30.85,30.85,,,,,0.00,0.00,30.85,30.85
https://cf.cjdropshipping.com/quick/product/d544c414-9753-4e52-890c-f2035f164503.jpg,Simple Bedside Lamp Round Aisle Wall Lamp,https://www.cjdropshipping.com/product/simple-bedside-lamp-round-aisle-wall-lamp-p-2411240310211622700.html,CJYD2222423,38,6.15 -- 30.85,6.15 -- 30.85,CN,0,71409,,,,0.00,0.00,6.15-30.85,6.15-30.85,https://oss-cf.cjdropshipping.com/product/2024/11/24/03/8f40bdef-6c72-4366-8e93-746785f13899_trans.jpeg,CJYD222242305EV,Light Source Power,6W,Light Color,Modern White,,,0,14158,28.03,28.03,,,,,0.00,0.00,28.03,28.03
https://cf.cjdropshipping.com/quick/product/d544c414-9753-4e52-890c-f2035f164503.jpg,Simple Bedside Lamp Round Aisle Wall Lamp,https://www.cjdropshipping.com/product/simple-bedside-lamp-round-aisle-wall-lamp-p-2411240310211622700.html,CJYD2222423,38,6.15 -- 30.85,6.15 -- 30.85,CN_US,0,71409,,,,0.00,0.00,6.15-30.85,6.15-30.85,https://oss-cf.cjdropshipping.com/product/2024/11/24/03/8f40bdef-6c72-4366-8e93-746785f13899_trans.jpeg,CJYD222242305EV,Light Source Power,6W,Light Color,Modern White,,,0,0,28.03,28.03,,,,,0.00,0.00,28.03,28.03
https://cf.cjdropshipping.com/quick/product/d544c414-9753-4e52-890c-f2035f164503.jpg,Simple Bedside Lamp Round Aisle Wall Lamp,https://www.cjdropshipping.com/product/simple-bedside-lamp-round-aisle-wall-lamp-p-2411240310211622700.html,CJYD2222423,38,6.15 -- 30.85,6.15 -- 30.85,CN,0,71409,,,,0.00,0.00,6.15-30.85,6.15-30.85,https://oss-cf.cjdropshipping.com/product/2026/07/20/04/c5ee4d75-4a8d-4928-a0e3-6604be89a69a_trans.jpeg,CJYD222242312LO,Light Source Power,7W,Light Color,White seesaw,,,0,5196,6.15,6.15,,,,,0.00,0.00,6.15,6.15
https://cf.cjdropshipping.com/quick/product/d544c414-9753-4e52-890c-f2035f164503.jpg,Simple Bedside Lamp Round Aisle Wall Lamp,https://www.cjdropshipping.com/product/simple-bedside-lamp-round-aisle-wall-lamp-p-2411240310211622700.html,CJYD2222423,38,6.15 -- 30.85,6.15 -- 30.85,CN_US,0,71409,,,,0.00,0.00,6.15-30.85,6.15-30.85,https://oss-cf.cjdropshipping.com/product/2026/07/20/04/c5ee4d75-4a8d-4928-a0e3-6604be89a69a_trans.jpeg,CJYD222242312LO,Light Source Power,7W,Light Color,White seesaw,,,0,0,6.15,6.15,,,,,0.00,0.00,6.15,6.15
https://cf.cjdropshipping.com/quick/product/edfd85a3-9225-4063-aaa2-d6ace0ad213e.jpg,Bedroom Bedside Vertical Table Lamp Floor Lamp,https://www.cjdropshipping.com/product/bedroom-bedside-vertical-table-lamp-floor-lamp-p-2507240232361627000.html,CJSN2438189,38,14.26 -- 31.84,14.26 -- 31.84,CN,0,249427,,,,0.00,0.00,14.26-31.84,14.26-31.84,https://oss-cf.cjdropshipping.com/product/2025/07/24/02/2b6e2fcd-8c09-4275-b43b-b56b89a00d8a.jpg,CJSN243818901AZ,Specifications,Light Source Not Included,Size,Beige Table Lamp,Electrical outlet,US,0,7059,14.26,14.26,,,,,0.00,0.00,14.26,14.26
https://cf.cjdropshipping.com/quick/product/edfd85a3-9225-4063-aaa2-d6ace0ad213e.jpg,Bedroom Bedside Vertical Table Lamp Floor Lamp,https://www.cjdropshipping.com/product/bedroom-bedside-vertical-table-lamp-floor-lamp-p-2507240232361627000.html,CJSN2438189,38,14.26 -- 31.84,14.26 -- 31.84,CN_US,0,249427,,,,0.00,0.00,14.26-31.84,14.26-31.84,https://oss-cf.cjdropshipping.com/product/2025/07/24/02/2b6e2fcd-8c09-4275-b43b-b56b89a00d8a.jpg,CJSN243818901AZ,Specifications,Light Source Not Included,Size,Beige Table Lamp,Electrical outlet,US,0,0,14.26,14.26,,,,,0.00,0.00,14.26,14.26
https://cf.cjdropshipping.com/quick/product/edfd85a3-9225-4063-aaa2-d6ace0ad213e.jpg,Bedroom Bedside Vertical Table Lamp Floor Lamp,https://www.cjdropshipping.com/product/bedroom-bedside-vertical-table-lamp-floor-lamp-p-2507240232361627000.html,CJSN2438189,38,14.26 -- 31.84,14.26 -- 31.84,CN,0,249427,,,,0.00,0.00,14.26-31.84,14.26-31.84,https://cf.cjdropshipping.com/quick/product/a49d170f-478c-4f86-af0a-016c9f842c0a.jpg,CJSN243818902BY,Specifications,Light Source Not Included,Size,Milk Green Table Lamp,Electrical outlet,US,0,7330,14.26,14.26,,,,,0.00,0.00,14.26,14.26
https://cf.cjdropshipping.com/quick/product/edfd85a3-9225-4063-aaa2-d6ace0ad213e.jpg,Bedroom Bedside Vertical Table Lamp Floor Lamp,https://www.cjdropshipping.com/product/bedroom-bedside-vertical-table-lamp-floor-lamp-p-2507240232361627000.html,CJSN2438189,38,14.26 -- 31.84,14.26 -- 31.84,CN_US,0,249427,,,,0.00,0.00,14.26-31.84,14.26-31.84,https://cf.cjdropshipping.com/quick/product/a49d170f-478c-4f86-af0a-016c9f842c0a.jpg,CJSN243818902BY,Specifications,Light Source Not Included,Size,Milk Green Table Lamp,Electrical outlet,US,0,0,14.26,14.26,,,,,0.00,0.00,14.26,14.26
https://cf.cjdropshipping.com/quick/product/edfd85a3-9225-4063-aaa2-d6ace0ad213e.jpg,Bedroom Bedside Vertical Table Lamp Floor Lamp,https://www.cjdropshipping.com/product/bedroom-bedside-vertical-table-lamp-floor-lamp-p-2507240232361627000.html,CJSN2438189,38,14.26 -- 31.84,14.26 -- 31.84,CN,0,249427,,,,0.00,0.00,14.26-31.84,14.26-31.84,https://oss-cf.cjdropshipping.com/product/2025/07/24/02/b75b6a71-4222-4ea5-acd3-a52ddeb8c06d.jpg,CJSN243818903CX,Specifications,Light Source Not Included,Size,Red Table Lamp,Electrical outlet,US,0,5961,14.26,14.26,,,,,0.00,0.00,14.26,14.26
https://cf.cjdropshipping.com/quick/product/edfd85a3-9225-4063-aaa2-d6ace0ad213e.jpg,Bedroom Bedside Vertical Table Lamp Floor Lamp,https://www.cjdropshipping.com/product/bedroom-bedside-vertical-table-lamp-floor-lamp-p-2507240232361627000.html,CJSN2438189,38,14.26 -- 31.84,14.26 -- 31.84,CN_US,0,249427,,,,0.00,0.00,14.26-31.84,14.26-31.84,https://oss-cf.cjdropshipping.com/product/2025/07/24/02/b75b6a71-4222-4ea5-acd3-a52ddeb8c06d.jpg,CJSN243818903CX,Specifications,Light Source Not Included,Size,Red Table Lamp,Electrical outlet,US,0,0,14.26,14.26,,,,,0.00,0.00,14.26,14.26
https://cf.cjdropshipping.com/quick/product/edfd85a3-9225-4063-aaa2-d6ace0ad213e.jpg,Bedroom Bedside Vertical Table Lamp Floor Lamp,https://www.cjdropshipping.com/product/bedroom-bedside-vertical-table-lamp-floor-lamp-p-2507240232361627000.html,CJSN2438189,38,14.26 -- 31.84,14.26 -- 31.84,CN,0,249427,,,,0.00,0.00,14.26-31.84,14.26-31.84,https://cf.cjdropshipping.com/quick/product/085ecac7-9327-4376-b5b5-6444f3bca533.jpg,CJSN243818904DW,Specifications,Light Source Not Included,Size,Chrome Table Lamp,Electrical outlet,US,0,6585,14.26,14.26,,,,,0.00,0.00,14.26,14.26
https://cf.cjdropshipping.com/quick/product/edfd85a3-9225-4063-aaa2-d6ace0ad213e.jpg,Bedroom Bedside Vertical Table Lamp Floor Lamp,https://www.cjdropshipping.com/product/bedroom-bedside-vertical-table-lamp-floor-lamp-p-2507240232361627000.html,CJSN2438189,38,14.26 -- 31.84,14.26 -- 31.84,CN_US,0,249427,,,,0.00,0.00,14.26-31.84,14.26-31.84,https://cf.cjdropshipping.com/quick/product/085ecac7-9327-4376-b5b5-6444f3bca533.jpg,CJSN243818904DW,Specifications,Light Source Not Included,Size,Chrome Table Lamp,Electrical outlet,US,0,0,14.26,14.26,,,,,0.00,0.00,14.26,14.26
https://cf.cjdropshipping.com/quick/product/edfd85a3-9225-4063-aaa2-d6ace0ad213e.jpg,Bedroom Bedside Vertical Table Lamp Floor Lamp,https://www.cjdropshipping.com/product/bedroom-bedside-vertical-table-lamp-floor-lamp-p-2507240232361627000.html,CJSN2438189,38,14.26 -- 31.84,14.26 -- 31.84,CN,0,249427,,,,0.00,0.00,14.26-31.84,14.26-31.84,https://oss-cf.cjdropshipping.com/product/2025/07/24/02/07d3fa89-6adc-4e0c-9648-5153663427e4.jpg,CJSN243818905EV,Specifications,Light Source Not Included,Size,Beige Floor Lamp,Electrical outlet,US,0,6579,31.18,31.18,,,,,0.00,0.00,31.18,31.18
https://cf.cjdropshipping.com/quick/product/edfd85a3-9225-4063-aaa2-d6ace0ad213e.jpg,Bedroom Bedside Vertical Table Lamp Floor Lamp,https://www.cjdropshipping.com/product/bedroom-bedside-vertical-table-lamp-floor-lamp-p-2507240232361627000.html,CJSN2438189,38,14.26 -- 31.84,14.26 -- 31.84,CN_US,0,249427,,,,0.00,0.00,14.26-31.84,14.26-31.84,https://oss-cf.cjdropshipping.com/product/2025/07/24/02/07d3fa89-6adc-4e0c-9648-5153663427e4.jpg,CJSN243818905EV,Specifications,Light Source Not Included,Size,Beige Floor Lamp,Electrical outlet,US,0,0,31.18,31.18,,,,,0.00,0.00,31.18,31.18
https://cf.cjdropshipping.com/quick/product/edfd85a3-9225-4063-aaa2-d6ace0ad213e.jpg,Bedroom Bedside Vertical Table Lamp Floor Lamp,https://www.cjdropshipping.com/product/bedroom-bedside-vertical-table-lamp-floor-lamp-p-2507240232361627000.html,CJSN2438189,38,14.26 -- 31.84,14.26 -- 31.84,CN,0,249427,,,,0.00,0.00,14.26-31.84,14.26-31.84,https://oss-cf.cjdropshipping.com/product/2025/07/24/02/845fa7db-f12c-459e-97a9-e7de68fce428.jpg,CJSN243818906FU,Specifications,Light Source Not Included,Size,Milk Green Floor Lamp,Electrical outlet,US,0,6446,31.18,31.18,,,,,0.00,0.00,31.18,31.18
https://cf.cjdropshipping.com/quick/product/edfd85a3-9225-4063-aaa2-d6ace0ad213e.jpg,Bedroom Bedside Vertical Table Lamp Floor Lamp,https://www.cjdropshipping.com/product/bedroom-bedside-vertical-table-lamp-floor-lamp-p-2507240232361627000.html,CJSN2438189,38,14.26 -- 31.84,14.26 -- 31.84,CN_US,0,249427,,,,0.00,0.00,14.26-31.84,14.26-31.84,https://oss-cf.cjdropshipping.com/product/2025/07/24/02/845fa7db-f12c-459e-97a9-e7de68fce428.jpg,CJSN243818906FU,Specifications,Light Source Not Included,Size,Milk Green Floor Lamp,Electrical outlet,US,0,0,31.18,31.18,,,,,0.00,0.00,31.18,31.18
https://cf.cjdropshipping.com/quick/product/edfd85a3-9225-4063-aaa2-d6ace0ad213e.jpg,Bedroom Bedside Vertical Table Lamp Floor Lamp,https://www.cjdropshipping.com/product/bedroom-bedside-vertical-table-lamp-floor-lamp-p-2507240232361627000.html,CJSN2438189,38,14.26 -- 31.84,14.26 -- 31.84,CN,0,249427,,,,0.00,0.00,14.26-31.84,14.26-31.84,https://oss-cf.cjdropshipping.com/product/2025/07/24/02/c3cee5ef-ae6a-423c-8365-a19a2a08dc90.jpg,CJSN243818907GT,Specifications,Light Source Not Included,Size,Red,Electrical outlet,US,0,8335,31.18,31.18,,,,,0.00,0.00,31.18,31.18
https://cf.cjdropshipping.com/quick/product/edfd85a3-9225-4063-aaa2-d6ace0ad213e.jpg,Bedroom Bedside Vertical Table Lamp Floor Lamp,https://www.cjdropshipping.com/product/bedroom-bedside-vertical-table-lamp-floor-lamp-p-2507240232361627000.html,CJSN2438189,38,14.26 -- 31.84,14.26 -- 31.84,CN_US,0,249427,,,,0.00,0.00,14.26-31.84,14.26-31.84,https://oss-cf.cjdropshipping.com/product/2025/07/24/02/c3cee5ef-ae6a-423c-8365-a19a2a08dc90.jpg,CJSN243818907GT,Specifications,Light Source Not Included,Size,Red,Electrical outlet,US,0,0,31.18,31.18,,,,,0.00,0.00,31.18,31.18
https://cf.cjdropshipping.com/quick/product/edfd85a3-9225-4063-aaa2-d6ace0ad213e.jpg,Bedroom Bedside Vertical Table Lamp Floor Lamp,https://www.cjdropshipping.com/product/bedroom-bedside-vertical-table-lamp-floor-lamp-p-2507240232361627000.html,CJSN2438189,38,14.26 -- 31.84,14.26 -- 31.84,CN,0,249427,,,,0.00,0.00,14.26-31.84,14.26-31.84,https://oss-cf.cjdropshipping.com/product/2025/07/24/02/6d889da5-b0fd-4f55-9059-1574a91f566e.jpg,CJSN243818908HS,Specifications,Light Source Not Included,Size,Chrome Floor Lamp,Electrical outlet,US,0,6110,31.18,31.18,,,,,0.00,0.00,31.18,31.18
https://cf.cjdropshipping.com/quick/product/edfd85a3-9225-4063-aaa2-d6ace0ad213e.jpg,Bedroom Bedside Vertical Table Lamp Floor Lamp,https://www.cjdropshipping.com/product/bedroom-bedside-vertical-table-lamp-floor-lamp-p-2507240232361627000.html,CJSN2438189,38,14.26 -- 31.84,14.26 -- 31.84,CN_US,0,249427,,,,0.00,0.00,14.26-31.84,14.26-31.84,https://oss-cf.cjdropshipping.com/product/2025/07/24/02/6d889da5-b0fd-4f55-9059-1574a91f566e.jpg,CJSN243818908HS,Specifications,Light Source Not Included,Size,Chrome Floor Lamp,Electrical outlet,US,0,0,31.18,31.18,,,,,0.00,0.00,31.18,31.18
https://cf.cjdropshipping.com/quick/product/edfd85a3-9225-4063-aaa2-d6ace0ad213e.jpg,Bedroom Bedside Vertical Table Lamp Floor Lamp,https://www.cjdropshipping.com/product/bedroom-bedside-vertical-table-lamp-floor-lamp-p-2507240232361627000.html,CJSN2438189,38,14.26 -- 31.84,14.26 -- 31.84,CN,0,249427,,,,0.00,0.00,14.26-31.84,14.26-31.84,https://oss-cf.cjdropshipping.com/product/2025/07/24/02/2b6e2fcd-8c09-4275-b43b-b56b89a00d8a.jpg,CJSN243818909IR,Specifications,Monochrome Warm Light,Size,Beige Table Lamp,Electrical outlet,US,0,5655,14.59,14.59,,,,,0.00,0.00,14.59,14.59
https://cf.cjdropshipping.com/quick/product/edfd85a3-9225-4063-aaa2-d6ace0ad213e.jpg,Bedroom Bedside Vertical Table Lamp Floor Lamp,https://www.cjdropshipping.com/product/bedroom-bedside-vertical-table-lamp-floor-lamp-p-2507240232361627000.html,CJSN2438189,38,14.26 -- 31.84,14.26 -- 31.84,CN_US,0,249427,,,,0.00,0.00,14.26-31.84,14.26-31.84,https://oss-cf.cjdropshipping.com/product/2025/07/24/02/2b6e2fcd-8c09-4275-b43b-b56b89a00d8a.jpg,CJSN243818909IR,Specifications,Monochrome Warm Light,Size,Beige Table Lamp,Electrical outlet,US,0,0,14.59,14.59,,,,,0.00,0.00,14.59,14.59
https://cf.cjdropshipping.com/quick/product/edfd85a3-9225-4063-aaa2-d6ace0ad213e.jpg,Bedroom Bedside Vertical Table Lamp Floor Lamp,https://www.cjdropshipping.com/product/bedroom-bedside-vertical-table-lamp-floor-lamp-p-2507240232361627000.html,CJSN2438189,38,14.26 -- 31.84,14.26 -- 31.84,CN,0,249427,,,,0.00,0.00,14.26-31.84,14.26-31.84,https://cf.cjdropshipping.com/quick/product/a49d170f-478c-4f86-af0a-016c9f842c0a.jpg,CJSN243818910JQ,Specifications,Monochrome Warm Light,Size,Milk Green Table Lamp,Electrical outlet,US,0,7630,14.59,14.59,,,,,0.00,0.00,14.59,14.59
https://cf.cjdropshipping.com/quick/product/edfd85a3-9225-4063-aaa2-d6ace0ad213e.jpg,Bedroom Bedside Vertical Table Lamp Floor Lamp,https://www.cjdropshipping.com/product/bedroom-bedside-vertical-table-lamp-floor-lamp-p-2507240232361627000.html,CJSN2438189,38,14.26 -- 31.84,14.26 -- 31.84,CN_US,0,249427,,,,0.00,0.00,14.26-31.84,14.26-31.84,https://cf.cjdropshipping.com/quick/product/a49d170f-478c-4f86-af0a-016c9f842c0a.jpg,CJSN243818910JQ,Specifications,Monochrome Warm Light,Size,Milk Green Table Lamp,Electrical outlet,US,0,0,14.59,14.59,,,,,0.00,0.00,14.59,14.59
https://cf.cjdropshipping.com/quick/product/edfd85a3-9225-4063-aaa2-d6ace0ad213e.jpg,Bedroom Bedside Vertical Table Lamp Floor Lamp,https://www.cjdropshipping.com/product/bedroom-bedside-vertical-table-lamp-floor-lamp-p-2507240232361627000.html,CJSN2438189,38,14.26 -- 31.84,14.26 -- 31.84,CN,0,249427,,,,0.00,0.00,14.26-31.84,14.26-31.84,https://oss-cf.cjdropshipping.com/product/2025/07/24/02/b75b6a71-4222-4ea5-acd3-a52ddeb8c06d.jpg,CJSN243818911KP,Specifications,Monochrome Warm Light,Size,Red Table Lamp,Electrical outlet,US,0,9504,14.59,14.59,,,,,0.00,0.00,14.59,14.59
https://cf.cjdropshipping.com/quick/product/edfd85a3-9225-4063-aaa2-d6ace0ad213e.jpg,Bedroom Bedside Vertical Table Lamp Floor Lamp,https://www.cjdropshipping.com/product/bedroom-bedside-vertical-table-lamp-floor-lamp-p-2507240232361627000.html,CJSN2438189,38,14.26 -- 31.84,14.26 -- 31.84,CN_US,0,249427,,,,0.00,0.00,14.26-31.84,14.26-31.84,https://oss-cf.cjdropshipping.com/product/2025/07/24/02/b75b6a71-4222-4ea5-acd3-a52ddeb8c06d.jpg,CJSN243818911KP,Specifications,Monochrome Warm Light,Size,Red Table Lamp,Electrical outlet,US,0,0,14.59,14.59,,,,,0.00,0.00,14.59,14.59
https://cf.cjdropshipping.com/quick/product/edfd85a3-9225-4063-aaa2-d6ace0ad213e.jpg,Bedroom Bedside Vertical Table Lamp Floor Lamp,https://www.cjdropshipping.com/product/bedroom-bedside-vertical-table-lamp-floor-lamp-p-2507240232361627000.html,CJSN2438189,38,14.26 -- 31.84,14.26 -- 31.84,CN,0,249427,,,,0.00,0.00,14.26-31.84,14.26-31.84,https://cf.cjdropshipping.com/quick/product/085ecac7-9327-4376-b5b5-6444f3bca533.jpg,CJSN243818912LO,Specifications,Monochrome Warm Light,Size,Chrome Table Lamp,Electrical outlet,US,0,8740,14.59,14.59,,,,,0.00,0.00,14.59,14.59
https://cf.cjdropshipping.com/quick/product/edfd85a3-9225-4063-aaa2-d6ace0ad213e.jpg,Bedroom Bedside Vertical Table Lamp Floor Lamp,https://www.cjdropshipping.com/product/bedroom-bedside-vertical-table-lamp-floor-lamp-p-2507240232361627000.html,CJSN2438189,38,14.26 -- 31.84,14.26 -- 31.84,CN_US,0,249427,,,,0.00,0.00,14.26-31.84,14.26-31.84,https://cf.cjdropshipping.com/quick/product/085ecac7-9327-4376-b5b5-6444f3bca533.jpg,CJSN243818912LO,Specifications,Monochrome Warm Light,Size,Chrome Table Lamp,Electrical outlet,US,0,0,14.59,14.59,,,,,0.00,0.00,14.59,14.59
https://cf.cjdropshipping.com/quick/product/edfd85a3-9225-4063-aaa2-d6ace0ad213e.jpg,Bedroom Bedside Vertical Table Lamp Floor Lamp,https://www.cjdropshipping.com/product/bedroom-bedside-vertical-table-lamp-floor-lamp-p-2507240232361627000.html,CJSN2438189,38,14.26 -- 31.84,14.26 -- 31.84,CN,0,249427,,,,0.00,0.00,14.26-31.84,14.26-31.84,https://oss-cf.cjdropshipping.com/product/2025/07/24/02/07d3fa89-6adc-4e0c-9648-5153663427e4.jpg,CJSN243818913MN,Specifications,Monochrome Warm Light,Size,Beige Floor Lamp,Electrical outlet,US,0,5224,31.51,31.51,,,,,0.00,0.00,31.51,31.51
https://cf.cjdropshipping.com/quick/product/edfd85a3-9225-4063-aaa2-d6ace0ad213e.jpg,Bedroom Bedside Vertical Table Lamp Floor Lamp,https://www.cjdropshipping.com/product/bedroom-bedside-vertical-table-lamp-floor-lamp-p-2507240232361627000.html,CJSN2438189,38,14.26 -- 31.84,14.26 -- 31.84,CN_US,0,249427,,,,0.00,0.00,14.26-31.84,14.26-31.84,https://oss-cf.cjdropshipping.com/product/2025/07/24/02/07d3fa89-6adc-4e0c-9648-5153663427e4.jpg,CJSN243818913MN,Specifications,Monochrome Warm Light,Size,Beige Floor Lamp,Electrical outlet,US,0,0,31.51,31.51,,,,,0.00,0.00,31.51,31.51
https://cf.cjdropshipping.com/quick/product/edfd85a3-9225-4063-aaa2-d6ace0ad213e.jpg,Bedroom Bedside Vertical Table Lamp Floor Lamp,https://www.cjdropshipping.com/product/bedroom-bedside-vertical-table-lamp-floor-lamp-p-2507240232361627000.html,CJSN2438189,38,14.26 -- 31.84,14.26 -- 31.84,CN,0,249427,,,,0.00,0.00,14.26-31.84,14.26-31.84,https://oss-cf.cjdropshipping.com/product/2025/07/24/02/845fa7db-f12c-459e-97a9-e7de68fce428.jpg,CJSN243818914NM,Specifications,Monochrome Warm Light,Size,Milk Green Floor Lamp,Electrical outlet,US,0,5573,31.51,31.51,,,,,0.00,0.00,31.51,31.51
https://cf.cjdropshipping.com/quick/product/edfd85a3-9225-4063-aaa2-d6ace0ad213e.jpg,Bedroom Bedside Vertical Table Lamp Floor Lamp,https://www.cjdropshipping.com/product/bedroom-bedside-vertical-table-lamp-floor-lamp-p-2507240232361627000.html,CJSN2438189,38,14.26 -- 31.84,14.26 -- 31.84,CN_US,0,249427,,,,0.00,0.00,14.26-31.84,14.26-31.84,https://oss-cf.cjdropshipping.com/product/2025/07/24/02/845fa7db-f12c-459e-97a9-e7de68fce428.jpg,CJSN243818914NM,Specifications,Monochrome Warm Light,Size,Milk Green Floor Lamp,Electrical outlet,US,0,0,31.51,31.51,,,,,0.00,0.00,31.51,31.51
https://cf.cjdropshipping.com/quick/product/edfd85a3-9225-4063-aaa2-d6ace0ad213e.jpg,Bedroom Bedside Vertical Table Lamp Floor Lamp,https://www.cjdropshipping.com/product/bedroom-bedside-vertical-table-lamp-floor-lamp-p-2507240232361627000.html,CJSN2438189,38,14.26 -- 31.84,14.26 -- 31.84,CN,0,249427,,,,0.00,0.00,14.26-31.84,14.26-31.84,https://oss-cf.cjdropshipping.com/product/2025/07/24/02/c3cee5ef-ae6a-423c-8365-a19a2a08dc90.jpg,CJSN243818915OL,Specifications,Monochrome Warm Light,Size,Red,Electrical outlet,US,0,8270,31.51,31.51,,,,,0.00,0.00,31.51,31.51
https://cf.cjdropshipping.com/quick/product/edfd85a3-9225-4063-aaa2-d6ace0ad213e.jpg,Bedroom Bedside Vertical Table Lamp Floor Lamp,https://www.cjdropshipping.com/product/bedroom-bedside-vertical-table-lamp-floor-lamp-p-2507240232361627000.html,CJSN2438189,38,14.26 -- 31.84,14.26 -- 31.84,CN_US,0,249427,,,,0.00,0.00,14.26-31.84,14.26-31.84,https://oss-cf.cjdropshipping.com/product/2025/07/24/02/c3cee5ef-ae6a-423c-8365-a19a2a08dc90.jpg,CJSN243818915OL,Specifications,Monochrome Warm Light,Size,Red,Electrical outlet,US,0,0,31.51,31.51,,,,,0.00,0.00,31.51,31.51
https://cf.cjdropshipping.com/quick/product/edfd85a3-9225-4063-aaa2-d6ace0ad213e.jpg,Bedroom Bedside Vertical Table Lamp Floor Lamp,https://www.cjdropshipping.com/product/bedroom-bedside-vertical-table-lamp-floor-lamp-p-2507240232361627000.html,CJSN2438189,38,14.26 -- 31.84,14.26 -- 31.84,CN,0,249427,,,,0.00,0.00,14.26-31.84,14.26-31.84,https://oss-cf.cjdropshipping.com/product/2025/07/24/02/6d889da5-b0fd-4f55-9059-1574a91f566e.jpg,CJSN243818916PK,Specifications,Monochrome Warm Light,Size,Chrome Floor Lamp,Electrical outlet,US,0,7713,31.51,31.51,,,,,0.00,0.00,31.51,31.51
https://cf.cjdropshipping.com/quick/product/edfd85a3-9225-4063-aaa2-d6ace0ad213e.jpg,Bedroom Bedside Vertical Table Lamp Floor Lamp,https://www.cjdropshipping.com/product/bedroom-bedside-vertical-table-lamp-floor-lamp-p-2507240232361627000.html,CJSN2438189,38,14.26 -- 31.84,14.26 -- 31.84,CN_US,0,249427,,,,0.00,0.00,14.26-31.84,14.26-31.84,https://oss-cf.cjdropshipping.com/product/2025/07/24/02/6d889da5-b0fd-4f55-9059-1574a91f566e.jpg,CJSN243818916PK,Specifications,Monochrome Warm Light,Size,Chrome Floor Lamp,Electrical outlet,US,0,0,31.51,31.51,,,,,0.00,0.00,31.51,31.51
https://cf.cjdropshipping.com/quick/product/edfd85a3-9225-4063-aaa2-d6ace0ad213e.jpg,Bedroom Bedside Vertical Table Lamp Floor Lamp,https://www.cjdropshipping.com/product/bedroom-bedside-vertical-table-lamp-floor-lamp-p-2507240232361627000.html,CJSN2438189,38,14.26 -- 31.84,14.26 -- 31.84,CN,0,249427,,,,0.00,0.00,14.26-31.84,14.26-31.84,https://oss-cf.cjdropshipping.com/product/2025/07/24/02/2b6e2fcd-8c09-4275-b43b-b56b89a00d8a.jpg,CJSN243818917QJ,Specifications,Three Colors,Size,Beige Table Lamp,Electrical outlet,US,0,5085,14.93,14.93,,,,,0.00,0.00,14.93,14.93
https://cf.cjdropshipping.com/quick/product/edfd85a3-9225-4063-aaa2-d6ace0ad213e.jpg,Bedroom Bedside Vertical Table Lamp Floor Lamp,https://www.cjdropshipping.com/product/bedroom-bedside-vertical-table-lamp-floor-lamp-p-2507240232361627000.html,CJSN2438189,38,14.26 -- 31.84,14.26 -- 31.84,CN_US,0,249427,,,,0.00,0.00,14.26-31.84,14.26-31.84,https://oss-cf.cjdropshipping.com/product/2025/07/24/02/2b6e2fcd-8c09-4275-b43b-b56b89a00d8a.jpg,CJSN243818917QJ,Specifications,Three Colors,Size,Beige Table Lamp,Electrical outlet,US,0,0,14.93,14.93,,,,,0.00,0.00,14.93,14.93
https://cf.cjdropshipping.com/quick/product/edfd85a3-9225-4063-aaa2-d6ace0ad213e.jpg,Bedroom Bedside Vertical Table Lamp Floor Lamp,https://www.cjdropshipping.com/product/bedroom-bedside-vertical-table-lamp-floor-lamp-p-2507240232361627000.html,CJSN2438189,38,14.26 -- 31.84,14.26 -- 31.84,CN,0,249427,,,,0.00,0.00,14.26-31.84,14.26-31.84,https://cf.cjdropshipping.com/quick/product/a49d170f-478c-4f86-af0a-016c9f842c0a.jpg,CJSN243818918RI,Specifications,Three Colors,Size,Milk Green Table Lamp,Electrical outlet,US,0,6889,14.93,14.93,,,,,0.00,0.00,14.93,14.93
https://cf.cjdropshipping.com/quick/product/edfd85a3-9225-4063-aaa2-d6ace0ad213e.jpg,Bedroom Bedside Vertical Table Lamp Floor Lamp,https://www.cjdropshipping.com/product/bedroom-bedside-vertical-table-lamp-floor-lamp-p-2507240232361627000.html,CJSN2438189,38,14.26 -- 31.84,14.26 -- 31.84,CN_US,0,249427,,,,0.00,0.00,14.26-31.84,14.26-31.84,https://cf.cjdropshipping.com/quick/product/a49d170f-478c-4f86-af0a-016c9f842c0a.jpg,CJSN243818918RI,Specifications,Three Colors,Size,Milk Green Table Lamp,Electrical outlet,US,0,0,14.93,14.93,,,,,0.00,0.00,14.93,14.93
https://cf.cjdropshipping.com/quick/product/edfd85a3-9225-4063-aaa2-d6ace0ad213e.jpg,Bedroom Bedside Vertical Table Lamp Floor Lamp,https://www.cjdropshipping.com/product/bedroom-bedside-vertical-table-lamp-floor-lamp-p-2507240232361627000.html,CJSN2438189,38,14.26 -- 31.84,14.26 -- 31.84,CN,0,249427,,,,0.00,0.00,14.26-31.84,14.26-31.84,https://oss-cf.cjdropshipping.com/product/2025/07/24/02/b75b6a71-4222-4ea5-acd3-a52ddeb8c06d.jpg,CJSN243818919SH,Specifications,Three Colors,Size,Red Table Lamp,Electrical outlet,US,0,9810,14.93,14.93,,,,,0.00,0.00,14.93,14.93
https://cf.cjdropshipping.com/quick/product/edfd85a3-9225-4063-aaa2-d6ace0ad213e.jpg,Bedroom Bedside Vertical Table Lamp Floor Lamp,https://www.cjdropshipping.com/product/bedroom-bedside-vertical-table-lamp-floor-lamp-p-2507240232361627000.html,CJSN2438189,38,14.26 -- 31.84,14.26 -- 31.84,CN_US,0,249427,,,,0.00,0.00,14.26-31.84,14.26-31.84,https://oss-cf.cjdropshipping.com/product/2025/07/24/02/b75b6a71-4222-4ea5-acd3-a52ddeb8c06d.jpg,CJSN243818919SH,Specifications,Three Colors,Size,Red Table Lamp,Electrical outlet,US,0,0,14.93,14.93,,,,,0.00,0.00,14.93,14.93
https://cf.cjdropshipping.com/quick/product/edfd85a3-9225-4063-aaa2-d6ace0ad213e.jpg,Bedroom Bedside Vertical Table Lamp Floor Lamp,https://www.cjdropshipping.com/product/bedroom-bedside-vertical-table-lamp-floor-lamp-p-2507240232361627000.html,CJSN2438189,38,14.26 -- 31.84,14.26 -- 31.84,CN,0,249427,,,,0.00,0.00,14.26-31.84,14.26-31.84,https://cf.cjdropshipping.com/quick/product/085ecac7-9327-4376-b5b5-6444f3bca533.jpg,CJSN243818920TG,Specifications,Three Colors,Size,Chrome Table Lamp,Electrical outlet,US,0,6747,14.93,14.93,,,,,0.00,0.00,14.93,14.93
https://cf.cjdropshipping.com/quick/product/edfd85a3-9225-4063-aaa2-d6ace0ad213e.jpg,Bedroom Bedside Vertical Table Lamp Floor Lamp,https://www.cjdropshipping.com/product/bedroom-bedside-vertical-table-lamp-floor-lamp-p-2507240232361627000.html,CJSN2438189,38,14.26 -- 31.84,14.26 -- 31.84,CN_US,0,249427,,,,0.00,0.00,14.26-31.84,14.26-31.84,https://cf.cjdropshipping.com/quick/product/085ecac7-9327-4376-b5b5-6444f3bca533.jpg,CJSN243818920TG,Specifications,Three Colors,Size,Chrome Table Lamp,Electrical outlet,US,0,0,14.93,14.93,,,,,0.00,0.00,14.93,14.93
https://cf.cjdropshipping.com/quick/product/edfd85a3-9225-4063-aaa2-d6ace0ad213e.jpg,Bedroom Bedside Vertical Table Lamp Floor Lamp,https://www.cjdropshipping.com/product/bedroom-bedside-vertical-table-lamp-floor-lamp-p-2507240232361627000.html,CJSN2438189,38,14.26 -- 31.84,14.26 -- 31.84,CN,0,249427,,,,0.00,0.00,14.26-31.84,14.26-31.84,https://oss-cf.cjdropshipping.com/product/2025/07/24/02/07d3fa89-6adc-4e0c-9648-5153663427e4.jpg,CJSN243818921UF,Specifications,Three Colors,Size,Beige Floor Lamp,Electrical outlet,US,0,6549,31.84,31.84,,,,,0.00,0.00,31.84,31.84
https://cf.cjdropshipping.com/quick/product/edfd85a3-9225-4063-aaa2-d6ace0ad213e.jpg,Bedroom Bedside Vertical Table Lamp Floor Lamp,https://www.cjdropshipping.com/product/bedroom-bedside-vertical-table-lamp-floor-lamp-p-2507240232361627000.html,CJSN2438189,38,14.26 -- 31.84,14.26 -- 31.84,CN_US,0,249427,,,,0.00,0.00,14.26-31.84,14.26-31.84,https://oss-cf.cjdropshipping.com/product/2025/07/24/02/07d3fa89-6adc-4e0c-9648-5153663427e4.jpg,CJSN243818921UF,Specifications,Three Colors,Size,Beige Floor Lamp,Electrical outlet,US,0,0,31.84,31.84,,,,,0.00,0.00,31.84,31.84
https://cf.cjdropshipping.com/quick/product/edfd85a3-9225-4063-aaa2-d6ace0ad213e.jpg,Bedroom Bedside Vertical Table Lamp Floor Lamp,https://www.cjdropshipping.com/product/bedroom-bedside-vertical-table-lamp-floor-lamp-p-2507240232361627000.html,CJSN2438189,38,14.26 -- 31.84,14.26 -- 31.84,CN,0,249427,,,,0.00,0.00,14.26-31.84,14.26-31.84,https://oss-cf.cjdropshipping.com/product/2025/07/24/02/845fa7db-f12c-459e-97a9-e7de68fce428.jpg,CJSN243818922VE,Specifications,Three Colors,Size,Milk Green Floor Lamp,Electrical outlet,US,0,5006,15.26,15.26,,,,,0.00,0.00,15.26,15.26
https://cf.cjdropshipping.com/quick/product/edfd85a3-9225-4063-aaa2-d6ace0ad213e.jpg,Bedroom Bedside Vertical Table Lamp Floor Lamp,https://www.cjdropshipping.com/product/bedroom-bedside-vertical-table-lamp-floor-lamp-p-2507240232361627000.html,CJSN2438189,38,14.26 -- 31.84,14.26 -- 31.84,CN_US,0,249427,,,,0.00,0.00,14.26-31.84,14.26-31.84,https://oss-cf.cjdropshipping.com/product/2025/07/24/02/845fa7db-f12c-459e-97a9-e7de68fce428.jpg,CJSN243818922VE,Specifications,Three Colors,Size,Milk Green Floor Lamp,Electrical outlet,US,0,0,15.26,15.26,,,,,0.00,0.00,15.26,15.26
https://cf.cjdropshipping.com/quick/product/edfd85a3-9225-4063-aaa2-d6ace0ad213e.jpg,Bedroom Bedside Vertical Table Lamp Floor Lamp,https://www.cjdropshipping.com/product/bedroom-bedside-vertical-table-lamp-floor-lamp-p-2507240232361627000.html,CJSN2438189,38,14.26 -- 31.84,14.26 -- 31.84,CN,0,249427,,,,0.00,0.00,14.26-31.84,14.26-31.84,https://oss-cf.cjdropshipping.com/product/2025/07/24/02/c3cee5ef-ae6a-423c-8365-a19a2a08dc90.jpg,CJSN243818923WD,Specifications,Three Colors,Size,Red,Electrical outlet,US,0,8489,31.84,31.84,,,,,0.00,0.00,31.84,31.84
https://cf.cjdropshipping.com/quick/product/edfd85a3-9225-4063-aaa2-d6ace0ad213e.jpg,Bedroom Bedside Vertical Table Lamp Floor Lamp,https://www.cjdropshipping.com/product/bedroom-bedside-vertical-table-lamp-floor-lamp-p-2507240232361627000.html,CJSN2438189,38,14.26 -- 31.84,14.26 -- 31.84,CN_US,0,249427,,,,0.00,0.00,14.26-31.84,14.26-31.84,https://oss-cf.cjdropshipping.com/product/2025/07/24/02/c3cee5ef-ae6a-423c-8365-a19a2a08dc90.jpg,CJSN243818923WD,Specifications,Three Colors,Size,Red,Electrical outlet,US,0,0,31.84,31.84,,,,,0.00,0.00,31.84,31.84
https://cf.cjdropshipping.com/quick/product/edfd85a3-9225-4063-aaa2-d6ace0ad213e.jpg,Bedroom Bedside Vertical Table Lamp Floor Lamp,https://www.cjdropshipping.com/product/bedroom-bedside-vertical-table-lamp-floor-lamp-p-2507240232361627000.html,CJSN2438189,38,14.26 -- 31.84,14.26 -- 31.84,CN,0,249427,,,,0.00,0.00,14.26-31.84,14.26-31.84,https://oss-cf.cjdropshipping.com/product/2025/07/24/02/6d889da5-b0fd-4f55-9059-1574a91f566e.jpg,CJSN243818924XC,Specifications,Three Colors,Size,Chrome Floor Lamp,Electrical outlet,US,0,8444,31.84,31.84,,,,,0.00,0.00,31.84,31.84
https://cf.cjdropshipping.com/quick/product/edfd85a3-9225-4063-aaa2-d6ace0ad213e.jpg,Bedroom Bedside Vertical Table Lamp Floor Lamp,https://www.cjdropshipping.com/product/bedroom-bedside-vertical-table-lamp-floor-lamp-p-2507240232361627000.html,CJSN2438189,38,14.26 -- 31.84,14.26 -- 31.84,CN_US,0,249427,,,,0.00,0.00,14.26-31.84,14.26-31.84,https://oss-cf.cjdropshipping.com/product/2025/07/24/02/6d889da5-b0fd-4f55-9059-1574a91f566e.jpg,CJSN243818924XC,Specifications,Three Colors,Size,Chrome Floor Lamp,Electrical outlet,US,0,0,31.84,31.84,,,,,0.00,0.00,31.84,31.84
https://cf.cjdropshipping.com/quick/product/edfd85a3-9225-4063-aaa2-d6ace0ad213e.jpg,Bedroom Bedside Vertical Table Lamp Floor Lamp,https://www.cjdropshipping.com/product/bedroom-bedside-vertical-table-lamp-floor-lamp-p-2507240232361627000.html,CJSN2438189,38,14.26 -- 31.84,14.26 -- 31.84,CN,0,249427,,,,0.00,0.00,14.26-31.84,14.26-31.84,https://cf.cjdropshipping.com/quick/product/edfd85a3-9225-4063-aaa2-d6ace0ad213e.jpg,CJSN243818937KP,Specifications,Light Source Not Included,Size,Milk Green Floor Lamp,Electrical outlet,EU,0,7654,31.18,31.18,,,,,0.00,0.00,31.18,31.18
https://cf.cjdropshipping.com/quick/product/edfd85a3-9225-4063-aaa2-d6ace0ad213e.jpg,Bedroom Bedside Vertical Table Lamp Floor Lamp,https://www.cjdropshipping.com/product/bedroom-bedside-vertical-table-lamp-floor-lamp-p-2507240232361627000.html,CJSN2438189,38,14.26 -- 31.84,14.26 -- 31.84,CN_US,0,249427,,,,0.00,0.00,14.26-31.84,14.26-31.84,https://cf.cjdropshipping.com/quick/product/edfd85a3-9225-4063-aaa2-d6ace0ad213e.jpg,CJSN243818937KP,Specifications,Light Source Not Included,Size,Milk Green Floor Lamp,Electrical outlet,EU,0,0,31.18,31.18,,,,,0.00,0.00,31.18,31.18
https://cf.cjdropshipping.com/quick/product/edfd85a3-9225-4063-aaa2-d6ace0ad213e.jpg,Bedroom Bedside Vertical Table Lamp Floor Lamp,https://www.cjdropshipping.com/product/bedroom-bedside-vertical-table-lamp-floor-lamp-p-2507240232361627000.html,CJSN2438189,38,14.26 -- 31.84,14.26 -- 31.84,CN,0,249427,,,,0.00,0.00,14.26-31.84,14.26-31.84,https://cf.cjdropshipping.com/quick/product/edfd85a3-9225-4063-aaa2-d6ace0ad213e.jpg,CJSN243818938LO,Specifications,Light Source Not Included,Size,Milk Green Floor Lamp,Electrical outlet,UK,0,6837,31.18,31.18,,,,,0.00,0.00,31.18,31.18
https://cf.cjdropshipping.com/quick/product/edfd85a3-9225-4063-aaa2-d6ace0ad213e.jpg,Bedroom Bedside Vertical Table Lamp Floor Lamp,https://www.cjdropshipping.com/product/bedroom-bedside-vertical-table-lamp-floor-lamp-p-2507240232361627000.html,CJSN2438189,38,14.26 -- 31.84,14.26 -- 31.84,CN_US,0,249427,,,,0.00,0.00,14.26-31.84,14.26-31.84,https://cf.cjdropshipping.com/quick/product/edfd85a3-9225-4063-aaa2-d6ace0ad213e.jpg,CJSN243818938LO,Specifications,Light Source Not Included,Size,Milk Green Floor Lamp,Electrical outlet,UK,0,0,31.18,31.18,,,,,0.00,0.00,31.18,31.18
https://cf.cjdropshipping.com/quick/product/edfd85a3-9225-4063-aaa2-d6ace0ad213e.jpg,Bedroom Bedside Vertical Table Lamp Floor Lamp,https://www.cjdropshipping.com/product/bedroom-bedside-vertical-table-lamp-floor-lamp-p-2507240232361627000.html,CJSN2438189,38,14.26 -- 31.84,14.26 -- 31.84,CN,0,249427,,,,0.00,0.00,14.26-31.84,14.26-31.84,https://cf.cjdropshipping.com/quick/product/edfd85a3-9225-4063-aaa2-d6ace0ad213e.jpg,CJSN243818939MN,Specifications,Light Source Not Included,Size,Milk Green Floor Lamp,Electrical outlet,AU,0,9681,31.18,31.18,,,,,0.00,0.00,31.18,31.18
https://cf.cjdropshipping.com/quick/product/edfd85a3-9225-4063-aaa2-d6ace0ad213e.jpg,Bedroom Bedside Vertical Table Lamp Floor Lamp,https://www.cjdropshipping.com/product/bedroom-bedside-vertical-table-lamp-floor-lamp-p-2507240232361627000.html,CJSN2438189,38,14.26 -- 31.84,14.26 -- 31.84,CN_US,0,249427,,,,0.00,0.00,14.26-31.84,14.26-31.84,https://cf.cjdropshipping.com/quick/product/edfd85a3-9225-4063-aaa2-d6ace0ad213e.jpg,CJSN243818939MN,Specifications,Light Source Not Included,Size,Milk Green Floor Lamp,Electrical outlet,AU,0,0,31.18,31.18,,,,,0.00,0.00,31.18,31.18
https://cf.cjdropshipping.com/quick/product/edfd85a3-9225-4063-aaa2-d6ace0ad213e.jpg,Bedroom Bedside Vertical Table Lamp Floor Lamp,https://www.cjdropshipping.com/product/bedroom-bedside-vertical-table-lamp-floor-lamp-p-2507240232361627000.html,CJSN2438189,38,14.26 -- 31.84,14.26 -- 31.84,CN,0,249427,,,,0.00,0.00,14.26-31.84,14.26-31.84,https://cf.cjdropshipping.com/quick/product/a49d170f-478c-4f86-af0a-016c9f842c0a.jpg,CJSN243818940NM,Specifications,Light Source Not Included,Size,Milk Green Table Lamp,Electrical outlet,EU,0,6158,14.26,14.26,,,,,0.00,0.00,14.26,14.26
https://cf.cjdropshipping.com/quick/product/edfd85a3-9225-4063-aaa2-d6ace0ad213e.jpg,Bedroom Bedside Vertical Table Lamp Floor Lamp,https://www.cjdropshipping.com/product/bedroom-bedside-vertical-table-lamp-floor-lamp-p-2507240232361627000.html,CJSN2438189,38,14.26 -- 31.84,14.26 -- 31.84,CN_US,0,249427,,,,0.00,0.00,14.26-31.84,14.26-31.84,https://cf.cjdropshipping.com/quick/product/a49d170f-478c-4f86-af0a-016c9f842c0a.jpg,CJSN243818940NM,Specifications,Light Source Not Included,Size,Milk Green Table Lamp,Electrical outlet,EU,0,0,14.26,14.26,,,,,0.00,0.00,14.26,14.26
https://cf.cjdropshipping.com/quick/product/edfd85a3-9225-4063-aaa2-d6ace0ad213e.jpg,Bedroom Bedside Vertical Table Lamp Floor Lamp,https://www.cjdropshipping.com/product/bedroom-bedside-vertical-table-lamp-floor-lamp-p-2507240232361627000.html,CJSN2438189,38,14.26 -- 31.84,14.26 -- 31.84,CN,0,249427,,,,0.00,0.00,14.26-31.84,14.26-31.84,https://cf.cjdropshipping.com/quick/product/a49d170f-478c-4f86-af0a-016c9f842c0a.jpg,CJSN243818941OL,Specifications,Light Source Not Included,Size,Milk Green Table Lamp,Electrical outlet,UK,0,7042,14.26,14.26,,,,,0.00,0.00,14.26,14.26
https://cf.cjdropshipping.com/quick/product/edfd85a3-9225-4063-aaa2-d6ace0ad213e.jpg,Bedroom Bedside Vertical Table Lamp Floor Lamp,https://www.cjdropshipping.com/product/bedroom-bedside-vertical-table-lamp-floor-lamp-p-2507240232361627000.html,CJSN2438189,38,14.26 -- 31.84,14.26 -- 31.84,CN_US,0,249427,,,,0.00,0.00,14.26-31.84,14.26-31.84,https://cf.cjdropshipping.com/quick/product/a49d170f-478c-4f86-af0a-016c9f842c0a.jpg,CJSN243818941OL,Specifications,Light Source Not Included,Size,Milk Green Table Lamp,Electrical outlet,UK,0,0,14.26,14.26,,,,,0.00,0.00,14.26,14.26
https://cf.cjdropshipping.com/quick/product/edfd85a3-9225-4063-aaa2-d6ace0ad213e.jpg,Bedroom Bedside Vertical Table Lamp Floor Lamp,https://www.cjdropshipping.com/product/bedroom-bedside-vertical-table-lamp-floor-lamp-p-2507240232361627000.html,CJSN2438189,38,14.26 -- 31.84,14.26 -- 31.84,CN,0,249427,,,,0.00,0.00,14.26-31.84,14.26-31.84,https://cf.cjdropshipping.com/quick/product/a49d170f-478c-4f86-af0a-016c9f842c0a.jpg,CJSN243818942PK,Specifications,Light Source Not Included,Size,Milk Green Table Lamp,Electrical outlet,AU,0,5141,14.26,14.26,,,,,0.00,0.00,14.26,14.26
https://cf.cjdropshipping.com/quick/product/edfd85a3-9225-4063-aaa2-d6ace0ad213e.jpg,Bedroom Bedside Vertical Table Lamp Floor Lamp,https://www.cjdropshipping.com/product/bedroom-bedside-vertical-table-lamp-floor-lamp-p-2507240232361627000.html,CJSN2438189,38,14.26 -- 31.84,14.26 -- 31.84,CN_US,0,249427,,,,0.00,0.00,14.26-31.84,14.26-31.84,https://cf.cjdropshipping.com/quick/product/a49d170f-478c-4f86-af0a-016c9f842c0a.jpg,CJSN243818942PK,Specifications,Light Source Not Included,Size,Milk Green Table Lamp,Electrical outlet,AU,0,0,14.26,14.26,,,,,0.00,0.00,14.26,14.26
https://cf.cjdropshipping.com/quick/product/edfd85a3-9225-4063-aaa2-d6ace0ad213e.jpg,Bedroom Bedside Vertical Table Lamp Floor Lamp,https://www.cjdropshipping.com/product/bedroom-bedside-vertical-table-lamp-floor-lamp-p-2507240232361627000.html,CJSN2438189,38,14.26 -- 31.84,14.26 -- 31.84,CN,0,249427,,,,0.00,0.00,14.26-31.84,14.26-31.84,https://oss-cf.cjdropshipping.com/product/2025/07/24/02/c3cee5ef-ae6a-423c-8365-a19a2a08dc90.jpg,CJSN243818943QJ,Specifications,Light Source Not Included,Size,Red,Electrical outlet,EU,0,6186,31.18,31.18,,,,,0.00,0.00,31.18,31.18
https://cf.cjdropshipping.com/quick/product/edfd85a3-9225-4063-aaa2-d6ace0ad213e.jpg,Bedroom Bedside Vertical Table Lamp Floor Lamp,https://www.cjdropshipping.com/product/bedroom-bedside-vertical-table-lamp-floor-lamp-p-2507240232361627000.html,CJSN2438189,38,14.26 -- 31.84,14.26 -- 31.84,CN_US,0,249427,,,,0.00,0.00,14.26-31.84,14.26-31.84,https://oss-cf.cjdropshipping.com/product/2025/07/24/02/c3cee5ef-ae6a-423c-8365-a19a2a08dc90.jpg,CJSN243818943QJ,Specifications,Light Source Not Included,Size,Red,Electrical outlet,EU,0,0,31.18,31.18,,,,,0.00,0.00,31.18,31.18
https://cf.cjdropshipping.com/quick/product/edfd85a3-9225-4063-aaa2-d6ace0ad213e.jpg,Bedroom Bedside Vertical Table Lamp Floor Lamp,https://www.cjdropshipping.com/product/bedroom-bedside-vertical-table-lamp-floor-lamp-p-2507240232361627000.html,CJSN2438189,38,14.26 -- 31.84,14.26 -- 31.84,CN,0,249427,,,,0.00,0.00,14.26-31.84,14.26-31.84,https://oss-cf.cjdropshipping.com/product/2025/07/24/02/c3cee5ef-ae6a-423c-8365-a19a2a08dc90.jpg,CJSN243818944RI,Specifications,Light Source Not Included,Size,Red,Electrical outlet,UK,0,6029,31.18,31.18,,,,,0.00,0.00,31.18,31.18
https://cf.cjdropshipping.com/quick/product/edfd85a3-9225-4063-aaa2-d6ace0ad213e.jpg,Bedroom Bedside Vertical Table Lamp Floor Lamp,https://www.cjdropshipping.com/product/bedroom-bedside-vertical-table-lamp-floor-lamp-p-2507240232361627000.html,CJSN2438189,38,14.26 -- 31.84,14.26 -- 31.84,CN_US,0,249427,,,,0.00,0.00,14.26-31.84,14.26-31.84,https://oss-cf.cjdropshipping.com/product/2025/07/24/02/c3cee5ef-ae6a-423c-8365-a19a2a08dc90.jpg,CJSN243818944RI,Specifications,Light Source Not Included,Size,Red,Electrical outlet,UK,0,0,31.18,31.18,,,,,0.00,0.00,31.18,31.18
https://cf.cjdropshipping.com/quick/product/edfd85a3-9225-4063-aaa2-d6ace0ad213e.jpg,Bedroom Bedside Vertical Table Lamp Floor Lamp,https://www.cjdropshipping.com/product/bedroom-bedside-vertical-table-lamp-floor-lamp-p-2507240232361627000.html,CJSN2438189,38,14.26 -- 31.84,14.26 -- 31.84,CN,0,249427,,,,0.00,0.00,14.26-31.84,14.26-31.84,https://oss-cf.cjdropshipping.com/product/2025/07/24/02/c3cee5ef-ae6a-423c-8365-a19a2a08dc90.jpg,CJSN243818945SH,Specifications,Light Source Not Included,Size,Red,Electrical outlet,AU,0,5430,31.18,31.18,,,,,0.00,0.00,31.18,31.18
https://cf.cjdropshipping.com/quick/product/edfd85a3-9225-4063-aaa2-d6ace0ad213e.jpg,Bedroom Bedside Vertical Table Lamp Floor Lamp,https://www.cjdropshipping.com/product/bedroom-bedside-vertical-table-lamp-floor-lamp-p-2507240232361627000.html,CJSN2438189,38,14.26 -- 31.84,14.26 -- 31.84,CN_US,0,249427,,,,0.00,0.00,14.26-31.84,14.26-31.84,https://oss-cf.cjdropshipping.com/product/2025/07/24/02/c3cee5ef-ae6a-423c-8365-a19a2a08dc90.jpg,CJSN243818945SH,Specifications,Light Source Not Included,Size,Red,Electrical outlet,AU,0,0,31.18,31.18,,,,,0.00,0.00,31.18,31.18
https://cf.cjdropshipping.com/quick/product/edfd85a3-9225-4063-aaa2-d6ace0ad213e.jpg,Bedroom Bedside Vertical Table Lamp Floor Lamp,https://www.cjdropshipping.com/product/bedroom-bedside-vertical-table-lamp-floor-lamp-p-2507240232361627000.html,CJSN2438189,38,14.26 -- 31.84,14.26 -- 31.84,CN,0,249427,,,,0.00,0.00,14.26-31.84,14.26-31.84,https://oss-cf.cjdropshipping.com/product/2025/07/24/02/b75b6a71-4222-4ea5-acd3-a52ddeb8c06d.jpg,CJSN243818946TG,Specifications,Light Source Not Included,Size,Red Table Lamp,Electrical outlet,EU,0,5642,14.26,14.26,,,,,0.00,0.00,14.26,14.26
https://cf.cjdropshipping.com/quick/product/edfd85a3-9225-4063-aaa2-d6ace0ad213e.jpg,Bedroom Bedside Vertical Table Lamp Floor Lamp,https://www.cjdropshipping.com/product/bedroom-bedside-vertical-table-lamp-floor-lamp-p-2507240232361627000.html,CJSN2438189,38,14.26 -- 31.84,14.26 -- 31.84,CN_US,0,249427,,,,0.00,0.00,14.26-31.84,14.26-31.84,https://oss-cf.cjdropshipping.com/product/2025/07/24/02/b75b6a71-4222-4ea5-acd3-a52ddeb8c06d.jpg,CJSN243818946TG,Specifications,Light Source Not Included,Size,Red Table Lamp,Electrical outlet,EU,0,0,14.26,14.26,,,,,0.00,0.00,14.26,14.26
https://cf.cjdropshipping.com/quick/product/edfd85a3-9225-4063-aaa2-d6ace0ad213e.jpg,Bedroom Bedside Vertical Table Lamp Floor Lamp,https://www.cjdropshipping.com/product/bedroom-bedside-vertical-table-lamp-floor-lamp-p-2507240232361627000.html,CJSN2438189,38,14.26 -- 31.84,14.26 -- 31.84,CN,0,249427,,,,0.00,0.00,14.26-31.84,14.26-31.84,https://oss-cf.cjdropshipping.com/product/2025/07/24/02/b75b6a71-4222-4ea5-acd3-a52ddeb8c06d.jpg,CJSN243818947UF,Specifications,Light Source Not Included,Size,Red Table Lamp,Electrical outlet,UK,0,8408,14.26,14.26,,,,,0.00,0.00,14.26,14.26
https://cf.cjdropshipping.com/quick/product/edfd85a3-9225-4063-aaa2-d6ace0ad213e.jpg,Bedroom Bedside Vertical Table Lamp Floor Lamp,https://www.cjdropshipping.com/product/bedroom-bedside-vertical-table-lamp-floor-lamp-p-2507240232361627000.html,CJSN2438189,38,14.26 -- 31.84,14.26 -- 31.84,CN_US,0,249427,,,,0.00,0.00,14.26-31.84,14.26-31.84,https://oss-cf.cjdropshipping.com/product/2025/07/24/02/b75b6a71-4222-4ea5-acd3-a52ddeb8c06d.jpg,CJSN243818947UF,Specifications,Light Source Not Included,Size,Red Table Lamp,Electrical outlet,UK,0,0,14.26,14.26,,,,,0.00,0.00,14.26,14.26
https://cf.cjdropshipping.com/quick/product/edfd85a3-9225-4063-aaa2-d6ace0ad213e.jpg,Bedroom Bedside Vertical Table Lamp Floor Lamp,https://www.cjdropshipping.com/product/bedroom-bedside-vertical-table-lamp-floor-lamp-p-2507240232361627000.html,CJSN2438189,38,14.26 -- 31.84,14.26 -- 31.84,CN,0,249427,,,,0.00,0.00,14.26-31.84,14.26-31.84,https://oss-cf.cjdropshipping.com/product/2025/07/24/02/b75b6a71-4222-4ea5-acd3-a52ddeb8c06d.jpg,CJSN243818948VE,Specifications,Light Source Not Included,Size,Red Table Lamp,Electrical outlet,AU,0,5486,14.26,14.26,,,,,0.00,0.00,14.26,14.26
https://cf.cjdropshipping.com/quick/product/edfd85a3-9225-4063-aaa2-d6ace0ad213e.jpg,Bedroom Bedside Vertical Table Lamp Floor Lamp,https://www.cjdropshipping.com/product/bedroom-bedside-vertical-table-lamp-floor-lamp-p-2507240232361627000.html,CJSN2438189,38,14.26 -- 31.84,14.26 -- 31.84,CN_US,0,249427,,,,0.00,0.00,14.26-31.84,14.26-31.84,https://oss-cf.cjdropshipping.com/product/2025/07/24/02/b75b6a71-4222-4ea5-acd3-a52ddeb8c06d.jpg,CJSN243818948VE,Specifications,Light Source Not Included,Size,Red Table Lamp,Electrical outlet,AU,0,0,14.26,14.26,,,,,0.00,0.00,14.26,14.26