Product Name,Category,Retail Price USD,Supplier Cost USD,Gross Margin %,SKU,CJ Supplier URL,Image URL,Stock
"7-inch Car Monitor Desktop Reversing Monitor Display","Workspace & Studio",31.3,9.78,68.8%,CJ-240924035057,"https://cjdropshipping.com/product/7-inch-car-monitor-desktop-reversing-monitor-display-p-2409240350571624600.html","https://oss-cf.cjdropshipping.com/product/2024/09/25/06/63a50c1b-7c38-4ce8-9660-d2b9c920b167_fine.jpeg?x-oss-process=image/format,webp,image/resize,m_fill,m_pad,w_250,h_250",85
"Car Display AP-1 Car HUD Head-up Display OBD GPS Driving Computer Code","Workspace & Studio",64.09,22.89,64.3%,CJ-140968771564,"https://cjdropshipping.com/product/car-display-ap-1-car-hud-head-up-display-obd-gps-driving-computer-code-table-p-1409687715645100032.html","https://cf.cjdropshipping.com/5f125b7d-4eb6-421f-89ff-d6e68835be10.png?x-oss-process=image/format,webp,image/resize,m_fill,m_pad,w_250,h_250",85
"Aluminum Alloy Computer Monitor Increase Rack Desktop Storage Bracket Notebook Desktop Computer","Workspace & Studio",80.22,28.65,64.3%,CJ-137383360674,"https://cjdropshipping.com/product/aluminum-alloy-computer-monitor-increase-rack-desktop-storage-bracket-notebook-desktop-computer-elevated-base-p-1373833606748835840.html","https://cf.cjdropshipping.com/1616382186663.jpg?x-oss-process=image/format,webp,image/resize,m_fill,m_pad,w_250,h_250",85
"Monitor Hanging Light Zhirui Screen Light Bedroom Dormitory Desk","Workspace & Studio",45.81,16.36,64.3%,CJ-140179564451,"https://cjdropshipping.com/product/monitor-hanging-light-zhirui-screen-light-bedroom-dormitory-desk-p-1401795644515028992.html","https://cc-west-usa.oss-accelerate.aliyuncs.com/1623049014121.jpg?x-oss-process=image/format,webp,image/resize,m_fill,m_pad,w_250,h_250",85
"H198 HD Six-light Infrared Night Vision Recorder Classic Popular Aircraft Nose Traffic","Workspace & Studio",16.64,5.2,68.8%,CJ-162820687768,"https://cjdropshipping.com/product/h198-hd-six-light-infrared-night-vision-recorder-classic-popular-aircraft-nose-traffic-recorder-p-1628206877685329920.html","https://cc-west-usa.oss-accelerate.aliyuncs.com/5ec66f93-8577-4a97-9e2f-fe8478f6ee60.png?x-oss-process=image/format,webp,image/resize,m_fill,m_pad,w_250,h_250",85
"LED sensor light bar","Workspace & Studio",12.72,3.18,75.0%,CJ-10A2E8CF-227,"https://cjdropshipping.com/product/led-sensor-light-bar-p-10A2E8CF-227C-49D0-AF4E-FAE2945E2D3D.html","https://cf.cjdropshipping.com/15944832/1006442521780.jpg?x-oss-process=image/format,webp,image/resize,m_fill,m_pad,w_250,h_250",85
"Computer Video Light Mobile Phone Selfie Fill Light","Workspace & Studio",4.16,1.04,75.0%,CJ-240615114414,"https://cjdropshipping.com/product/computer-video-light-mobile-phone-selfie-fill-light-p-2406151144141627300.html","https://cf.cjdropshipping.com/quick/product/9b97b98f-5b0e-42a5-9814-5d51335c4486.jpg?x-oss-process=image/format,webp,image/resize,m_fill,m_pad,w_250,h_250",85
"Party Computer Game Desktop Atmosphere Light","Workspace & Studio",19.8,4.95,75.0%,CJ-240611063715,"https://cjdropshipping.com/product/party-computer-game-desktop-atmosphere-light-p-2406110637151614700.html","https://oss-cf.cjdropshipping.com/product/2024/06/11/06/fe66318f-54ef-4ab9-9137-524bbb825f22_trans.jpeg?x-oss-process=image/format,webp,image/resize,m_fill,m_pad,w_250,h_250",85
"Led Rechargeable Bar Table Lamp Quiet Bar Service Script Light","Workspace & Studio",11.28,2.82,75.0%,CJ-250828014349,"https://cjdropshipping.com/product/led-rechargeable-bar-table-lamp-quiet-bar-service-script-light-p-2508280143491622000.html","https://oss-cf.cjdropshipping.com/product/2025/08/28/01/372ac4f5-04bb-4822-85ef-93e93d193f55_trans.jpeg?x-oss-process=image/format,webp,image/resize,m_fill,m_pad,w_250,h_250",85
"Modeling Neon Light Luminous Character Billboard Creative Light Bar","Workspace & Studio",19.44,4.86,75.0%,CJ-250111015549,"https://cjdropshipping.com/product/modeling-neon-light-luminous-character-billboard-creative-light-bar-p-2501110155491622300.html","https://oss-cf.cjdropshipping.com/product/2025/01/11/01/c7d2354e-c34e-4e21-b1bc-a9872d21c268_trans.jpeg?x-oss-process=image/format,webp,image/resize,m_fill,m_pad,w_250,h_250",85
"Multifunctional Folding Book Light Battery Night Light Creative Learning Bedside Light","Workspace & Studio",9.72,2.43,75.0%,CJ-138577019918,"https://cjdropshipping.com/product/multifunctional-folding-book-light-battery-night-light-creative-learning-bedside-light-p-1385770199189426176.html","https://cc-west-usa.oss-accelerate.aliyuncs.com/1619228177895.jpg?x-oss-process=image/format,webp,image/resize,m_fill,m_pad,w_250,h_250",85
"Sewing Machine Light Strip Touch Sensitive Dimming LED Light Bar","Workspace & Studio",31.97,9.99,68.8%,CJ-0BA7B552-667,"https://cjdropshipping.com/product/sewing-machine-light-strip-touch-sensitive-dimming-led-light-bar-p-0BA7B552-667B-4711-8162-AD18AEB10B73.html","https://cc-west-usa.oss-accelerate.aliyuncs.com/20190620/3519121044737.png?x-oss-process=image/format,webp,image/resize,m_fill,m_pad,w_250,h_250",85
"US Solar Camera Low Power Monitor Dual Lens Monitor","Workspace & Studio",11.28,2.82,75.0%,CJ-250816085207,"https://cjdropshipping.com/product/us-solar-camera-low-power-monitor-dual-lens-monitor-p-2508160852071628900.html","https://frontend-cf.cjdropshipping.com/config-resource/cj/img_default.jpeg",85
"Usb Computer Web Camera 1080P Fill Light Beauty Uvc Songhan Pc Camera","Workspace & Studio",22.27,6.96,68.7%,CJ-138722009145,"https://cjdropshipping.com/product/usb-computer-web-camera-1080p-fill-light-beauty-uvc-songhan-pc-camera-2-million-computer-camera-p-1387220091459997696.html","https://cf.cjdropshipping.com/1619573801485.jpg?x-oss-process=image/format,webp,image/resize,m_fill,m_pad,w_250,h_250",85
"LED Linear Light Embedded Aluminum Lamp Slot U-shaped Alloy Linear Light Bar","Workspace & Studio",6.32,1.58,75.0%,CJ-250805073945,"https://cjdropshipping.com/product/led-linear-light-embedded-aluminum-lamp-slot-u-shaped-alloy-linear-light-bar-p-2508050739451624700.html","https://frontend-cf.cjdropshipping.com/config-resource/cj/img_default.jpeg",85
"English and Russian bilingual speed measuring radar electronic dog","Workspace & Studio",27.74,8.67,68.7%,CJ-1BAF9F05-ABB,"https://cjdropshipping.com/product/english-and-russian-bilingual-speed-measuring-radar-electronic-dog-p-1BAF9F05-ABB5-46CC-B77F-49B7E2C3331F.html","https://cc-west-usa.oss-accelerate.aliyuncs.com/2061/3311529998911.jpg?x-oss-process=image/format,webp,image/resize,m_fill,m_pad,w_250,h_250",85
"Head-up Display Gps High-definition Speed Water Temperature Turbine Monitoring","Workspace & Studio",75.4,26.93,64.3%,CJ-138009453696,"https://cjdropshipping.com/product/head-up-display-gps-high-definition-speed-water-temperature-turbine-monitoring-p-1380094536965033984.html","https://frontend-cf.cjdropshipping.com/config-resource/cj/img_default.jpeg",85
"New Original Podofo A1 Mini Car DVR Camera DASH CAM Full HD","Workspace & Studio",15.08,3.77,75.0%,CJ-1F8D1B20-6FE,"https://cjdropshipping.com/product/new-original-podofo-a1-mini-car-dvr-camera-dash-cam-full-hd-1080p-video-recorder-g-night-vision-sensor-dash-cam-p-1F8D1B20-6FE8-4E7F-AAD8-0BA01F9E8FB0.html","https://cf.cjdropshipping.com/20180907/2175215957062.png?x-oss-process=image/format,webp,image/resize,m_fill,m_pad,w_250,h_250",85
"Oversized Thickened Precision Seaming Computer Desk Mat","Workspace & Studio",4.56,1.14,75.0%,CJ-138692818928,"https://cjdropshipping.com/product/oversized-thickened-precision-seaming-computer-desk-mat-p-1386928189288353792.html","https://oss-cf.cjdropshipping.com/product/2025/08/18/09/467aac31-f622-44e7-8f42-19fe13be11cf.jpg?x-oss-process=image/format,webp,image/resize,m_fill,m_pad,w_250,h_250",85
"Led super large shiny mouse pad","Workspace & Studio",11.88,2.97,75.0%,CJ-361DD967-321,"https://cjdropshipping.com/product/led-super-large-shiny-mouse-pad-p-361DD967-3213-4F1B-84C0-045AFEF8ADB4.html","https://cc-west-usa.oss-accelerate.aliyuncs.com/15667488/255114328625.jpg?x-oss-process=image/format,webp,image/resize,m_fill,m_pad,w_250,h_250",85
"Table Pad Line Gaming Mouse Mat","Workspace & Studio",3.12,0.78,75.0%,CJ-179538909915,"https://cjdropshipping.com/product/table-pad-line-gaming-mouse-mat-p-1795389099159851008.html","https://cf.cjdropshipping.com/quick/product/fff91767-b838-4380-ac8b-8d7da18c7842.jpg?x-oss-process=image/format,webp,image/resize,m_fill,m_pad,w_250,h_250",85
"Competitive Gaming Office Waterproof Mouse Pad","Workspace & Studio",23.46,7.33,68.8%,CJ-138720512307,"https://cjdropshipping.com/product/competitive-gaming-office-waterproof-mouse-pad-p-1387205123079540736.html","https://cc-west-usa.oss-accelerate.aliyuncs.com/1619570240083.jpg?x-oss-process=image/format,webp,image/resize,m_fill,m_pad,w_250,h_250",85
"Men's leather washed leather jacket","Workspace & Studio",51.07,18.24,64.3%,CJ-B949E2ED-0D5,"https://cjdropshipping.com/product/mens-leather-washed-leather-jacket-p-B949E2ED-0D58-4E0D-8AFE-5383ED1811DA.html","https://cf.cjdropshipping.com/20200904/362915314679.jpg?x-oss-process=image/format,webp,image/resize,m_fill,m_pad,w_250,h_250",85
"Mouse Pad Oversized Stain-resistant Office Non-slip","Workspace & Studio",5.4,1.35,75.0%,CJ-240623023647,"https://cjdropshipping.com/product/mouse-pad-oversized-stain-resistant-office-non-slip-p-2406230236471612400.html","https://cf.cjdropshipping.com/quick/product/a7b3e45b-204b-43dc-b01f-3530df399250.jpg?x-oss-process=image/format,webp,image/resize,m_fill,m_pad,w_250,h_250",85
"Notebook Computer Liner Bag Mouse Pad Protective Holster","Workspace & Studio",17.68,4.42,75.0%,CJ-141010349146,"https://cjdropshipping.com/product/notebook-computer-liner-bag-mouse-pad-protective-holster-p-1410103491464138752.html","https://cf.cjdropshipping.com/2befe572-190b-4454-ad31-de385227d370.jpg?x-oss-process=image/format,webp,image/resize,m_fill,m_pad,w_250,h_250",85
"Cat Scratching Board Mouse Sisal Cat Scratching Pad","Workspace & Studio",9.0,2.25,75.0%,CJ-139847403875,"https://cjdropshipping.com/product/cat-scratching-board-mouse-sisal-cat-scratching-pad-p-1398474038757691392.html","https://cf.cjdropshipping.com/1622256924927.jpg?x-oss-process=image/format,webp,image/resize,m_fill,m_pad,w_250,h_250",85
"Popular Motorcycle Leather Men's Leather Clothing","Workspace & Studio",35.01,10.94,68.8%,CJ-250105065741,"https://cjdropshipping.com/product/popular-motorcycle-leather-mens-leather-clothing-p-2501050657411607800.html","https://cf.cjdropshipping.com/quick/product/a4cf466b-a3a8-4825-a02d-7e99df8d8002.jpg?x-oss-process=image/format,webp,image/resize,m_fill,m_pad,w_250,h_250",85
"Stand-up collar leather padded leather jacket","Workspace & Studio",22.91,7.16,68.7%,CJ-EFA82799-2ED,"https://cjdropshipping.com/product/stand-up-collar-leather-padded-leather-jacket-p-EFA82799-2ED1-449A-AD15-A7E2CC16C363.html","https://cf.cjdropshipping.com/2059/466847051344.jpg?x-oss-process=image/format,webp,image/resize,m_fill,m_pad,w_250,h_250",85
"Women's Faux Leather Retro Biker's Leather Coat","Workspace & Studio",44.1,15.75,64.3%,CJ-240831054606,"https://cjdropshipping.com/product/womens-faux-leather-retro-bikers-leather-coat-p-2408310546061605000.html","https://cf.cjdropshipping.com/quick/product/c3600e37-08b5-4d6a-ab5f-cb6d1ce0f004.jpg?x-oss-process=image/format,webp,image/resize,m_fill,m_pad,w_250,h_250",85
"Spring Leather Men's Slim Stand Collar Leather Jacket","Workspace & Studio",89.61,40.73,54.5%,CJ-136955115932,"https://cjdropshipping.com/product/spring-leather-mens-slim-stand-collar-leather-jacket-p-1369551159320252416.html","https://cc-west-usa.oss-accelerate.aliyuncs.com/1615361127449.jpg?x-oss-process=image/format,webp,image/resize,m_fill,m_pad,w_250,h_250",85
"Large Mouse Pad, Gaming Gaming, Colorful Seaming, Waterproof Cloth","Workspace & Studio",16.77,5.24,68.8%,CJ-140181043699,"https://cjdropshipping.com/product/large-mouse-pad-gaming-gaming-colorful-seaming-waterproof-cloth-p-1401810436990570496.html","https://cc-west-usa.oss-accelerate.aliyuncs.com/1623052378775.jpg?x-oss-process=image/format,webp,image/resize,m_fill,m_pad,w_250,h_250",85
"Crossbody Multifunctional Wallet Leather Case IP16 Card-inserting Leather Case","Workspace & Studio",25.38,7.93,68.8%,CJ-241226145640,"https://cjdropshipping.com/product/crossbody-multifunctional-wallet-leather-case-ip16-card-inserting-leather-case-p-2412261456401612500.html","https://cf.cjdropshipping.com/quick/product/8c5c0155-a717-4545-b960-ca6e8cb56f5e.jpg?x-oss-process=image/format,webp,image/resize,m_fill,m_pad,w_250,h_250",85
"Men's Leather Jacket Men's Youth Loose Lapel Workwear Pu Leather Jacket","Workspace & Studio",29.18,9.12,68.7%,CJ-135725479757,"https://cjdropshipping.com/product/mens-leather-jacket-mens-youth-loose-lapel-workwear-pu-leather-jacket-p-1357254797576769536.html","https://cf.cjdropshipping.com/1612429335171.jpg?x-oss-process=image/format,webp,image/resize,m_fill,m_pad,w_250,h_250",85
"Loose Leather Jacket Motorcycle Female","Workspace & Studio",17.95,5.61,68.7%,CJ-240621082419,"https://cjdropshipping.com/product/loose-leather-jacket-motorcycle-female-p-2406210824191606300.html","https://cf.cjdropshipping.com/quick/product/33345214-1df0-40eb-92c4-4a6148ea3ee5.jpg?x-oss-process=image/format,webp,image/resize,m_fill,m_pad,w_250,h_250",85
"Pure Cowhide Biker's Leather Jacket","Workspace & Studio",126.87,57.67,54.5%,CJ-240705043827,"https://cjdropshipping.com/product/pure-cowhide-bikers-leather-jacket-p-2407050438271619300.html","https://cf.cjdropshipping.com/quick/product/5b3ff548-f46f-479e-b7a7-e0f13a02ed20.jpg?x-oss-process=image/format,webp,image/resize,m_fill,m_pad,w_250,h_250",85
"Laptop Phone Holder, Adjustable Laptop Side Mount Clip, Magnetic Laptop Monitor Mount,","Workspace & Studio",23.49,7.34,68.8%,CJ-172972363435,"https://cjdropshipping.com/product/laptop-phone-holder-adjustable-laptop-side-mount-clip-magnetic-laptop-monitor-mount-computer-laptop-cellphone-stand-foldable-aluminum-expansion-bracket-tablet-clip-for-dual-screen-p-1729723634354638848.html","https://cf.cjdropshipping.com/679f3121-b2a5-4252-81d9-ec1d6cddb53c.jpg?x-oss-process=image/format,webp,image/resize,m_fill,m_pad,w_250,h_250",85
"Laptop Stand Desktop Aluminum Alloy Heat Dissipation","Workspace & Studio",37.15,11.61,68.7%,CJ-250827072721,"https://cjdropshipping.com/product/laptop-stand-desktop-aluminum-alloy-heat-dissipation-p-2508270727211626000.html","https://oss-cf.cjdropshipping.com/product/2025/08/27/07/c6dd32ec-9db3-49ab-be25-e95e502582bb_trans.jpeg?x-oss-process=image/format,webp,image/resize,m_fill,m_pad,w_250,h_250",85
"New Laptop Stand Multifunctional Folding Lift Portable Laptop Stand Monitor Increase Rack","Workspace & Studio",37.82,11.82,68.7%,CJ-DCB495CC-80F,"https://cjdropshipping.com/product/new-laptop-stand-multifunctional-folding-lift-portable-laptop-stand-monitor-increase-rack-aluminum-alloy-base-p-DCB495CC-80F8-4ED9-B5BD-26E39B751776.html","https://oss-cf.cjdropshipping.com/product/2024/03/21/07/93a7bc1e-4fa2-4744-b123-5913cde779b0.jpg?x-oss-process=image/format,webp,image/resize,m_fill,m_pad,w_250,h_250",85
"Foldable laptop stand","Workspace & Studio",12.4,3.1,75.0%,CJ-4C56FFFA-399,"https://cjdropshipping.com/product/foldable-laptop-stand-p-4C56FFFA-399B-4E05-98C6-092BB3A724A9.html","https://cc-west-usa.oss-us-west-1.aliyuncs.com/20200301/649667129707.jpg?x-oss-process=image/format,webp,image/resize,m_fill,m_pad,w_250,h_250",85
"Car Dining Table Rear Seat Folding Rice Table Laptop Stand","Workspace & Studio",49.11,17.54,64.3%,CJ-240617100019,"https://cjdropshipping.com/product/car-dining-table-rear-seat-folding-rice-table-laptop-stand-p-2406171000191609800.html","https://cf.cjdropshipping.com/quick/product/1f1819b9-7138-4048-8bbf-542dc46d91b0.jpg?x-oss-process=image/format,webp,image/resize,m_fill,m_pad,w_250,h_250",85
"3 In 1 Magnetic Foldable Wireless Charger Charging Station Multi-device Folding Cell","Smart Gear & Power",44.16,15.77,64.3%,CJ-161952525684,"https://cjdropshipping.com/product/3-in-1-magnetic-foldable-wireless-charger-charging-station-multi-device-folding-cell-phone-wireless-charger-gadgets-p-1619525256841015296.html","https://cf.cjdropshipping.com/73873978-3774-4732-897f-179e0dec507b.jpg?x-oss-process=image/format,webp,image/resize,m_fill,m_pad,w_250,h_250",85
"15W 3 In 1 LED Fast Wireless Charger Stand Foldable Charging Station","Smart Gear & Power",18.12,4.53,75.0%,CJ-240830071622,"https://cjdropshipping.com/product/15w-3-in-1-led-fast-wireless-charger-stand-foldable-charging-station-for-smart-phone-15-14-13-12-11-iwatch-9-8-7-6-5-airpods-pro-p-2408300716221612100.html","https://oss-cf.cjdropshipping.com/product/2024/09/19/06/de329d46-5fbb-4564-ab7a-45fe417fdaed.jpg?x-oss-process=image/format,webp,image/resize,m_fill,m_pad,w_250,h_250",85
"Compatible with Apple , 3-in-1 Wireless Charger","Smart Gear & Power",31.49,9.84,68.8%,CJ-9EC48B24-A97,"https://cjdropshipping.com/product/compatible-with-apple--3-in-1-wireless-charger-p-9EC48B24-A97A-41DD-8497-1B6937ECF92D.html","https://cc-west-usa.oss-accelerate.aliyuncs.com/20190319/2491014586587.png?x-oss-process=image/format,webp,image/resize,m_fill,m_pad,w_250,h_250",85
"Plastic 3 In 1 Wireless Charger Stand Fast","Smart Gear & Power",13.4,3.35,75.0%,CJ-158895340166,"https://cjdropshipping.com/product/plastic-3-in-1-wireless-charger-stand-fast-p-1588953401667366912.html","https://cf.cjdropshipping.com/3b91f8f1-50bf-40dd-b1bc-cae6fb469ff5.jpg?x-oss-process=image/format,webp,image/resize,m_fill,m_pad,w_250,h_250",85
"Three-in-one Vertical Magnetic Wireless Portable Wireless Charger","Smart Gear & Power",34.5,10.78,68.8%,CJ-250528095439,"https://cjdropshipping.com/product/three-in-one-vertical-magnetic-wireless-portable-wireless-charger-p-2505280954391626300.html","https://oss-cf.cjdropshipping.com/product/2025/05/28/09/20c2a684-652f-492a-be40-10cb44a1c3b7_fine.jpeg?x-oss-process=image/format,webp,image/resize,m_fill,m_pad,w_250,h_250",85
"Transparent Folding Magnetic Three-in-one Wireless Charger","Smart Gear & Power",34.5,10.78,68.8%,CJ-240801030330,"https://cjdropshipping.com/product/transparent-folding-magnetic-three-in-one-wireless-charger-p-2408010303301612100.html","https://oss-cf.cjdropshipping.com/product/2024/08/02/03/1f0ae125-3edb-4c07-bad3-26445d4c9fee_fine.jpeg?x-oss-process=image/format,webp,image/resize,m_fill,m_pad,w_250,h_250",85
"Three-in-one Basketball Magnetic Wireless Charger","Smart Gear & Power",126.96,57.71,54.5%,CJ-250107030254,"https://cjdropshipping.com/product/three-in-one-basketball-magnetic-wireless-charger-p-2501070302541626000.html","https://oss-cf.cjdropshipping.com/product/2025/01/07/03/b15214e9-6783-4b19-842b-2e7ebf98afdb_trans.jpeg?x-oss-process=image/format,webp,image/resize,m_fill,m_pad,w_250,h_250",85
"Folding Magnetic Three-in-one Wireless Charger","Smart Gear & Power",38.75,12.11,68.7%,CJ-179610352237,"https://cjdropshipping.com/product/folding-magnetic-three-in-one-wireless-charger-p-1796103522371514368.html","https://oss-cf.cjdropshipping.com/product/2024/05/30/08/986e7971-1499-4c4d-bf28-b14fefaf8b3d_trans.jpeg?x-oss-process=image/format,webp,image/resize,m_fill,m_pad,w_250,h_250",85
"Three-in-one Wireless Charger Electrical Foldable Double Wire Ambience Light Mobile Phone Wireless","Smart Gear & Power",12.8,3.2,75.0%,CJ-158699090974,"https://cjdropshipping.com/product/three-in-one-wireless-charger-electrical-foldable-double-wire-ambience-light-mobile-phone-wireless-charger-wireless-charger-p-1586990909747638272.html","https://cf.cjdropshipping.com/409d441f-542c-4639-9162-281be030d92b.jpg?x-oss-process=image/format,webp,image/resize,m_fill,m_pad,w_250,h_250",85
"3 IN 1 Magnetic Folding Wireless Charger Station For IPhone Transparent Fast","Smart Gear & Power",62.69,22.39,64.3%,CJ-165576849458,"https://cjdropshipping.com/product/3-in-1-magnetic-folding-wireless-charger-station-for-iphone-transparent-fast-charging-for-iwatch-and-airpods-p-1655768494589349888.html","https://cf.cjdropshipping.com/eba5f6e8-9b22-4d3d-aa8e-9b7856b4b22f.png?x-oss-process=image/format,webp,image/resize,m_fill,m_pad,w_250,h_250",85
"Folding Three-in-one Wireless Charger Portable Magnetic Suction","Smart Gear & Power",25.41,7.94,68.8%,CJ-173920976558,"https://cjdropshipping.com/product/folding-three-in-one-wireless-charger-portable-magnetic-suction-p-1739209765584121856.html","https://oss-cf.cjdropshipping.com/product/2024/03/04/05/e56db74e-e289-4604-a992-815283800025.jpg?x-oss-process=image/format,webp,image/resize,m_fill,m_pad,w_250,h_250",85
"Magnetic Three-in-one 15W Wireless Charger With Clock","Smart Gear & Power",24.42,7.63,68.8%,CJ-240718080208,"https://cjdropshipping.com/product/magnetic-three-in-one-15w-wireless-charger-with-clock-p-2407180802081628200.html","https://oss-cf.cjdropshipping.com/product/2024/07/19/05/88087108-8245-4aa8-8ce2-0a164d67716d_fine.jpeg?x-oss-process=image/format,webp,image/resize,m_fill,m_pad,w_250,h_250",85
"Magnetic Portable Smart Watch Wireless Charger","Smart Gear & Power",16.1,5.03,68.8%,CJ-241213095523,"https://cjdropshipping.com/product/magnetic-portable-smart-watch-wireless-charger-p-2412130955231615200.html","https://cf.cjdropshipping.com/quick/product/43df5acc-acb7-4890-ade6-2763cb6bd5a4.jpg?x-oss-process=image/format,webp,image/resize,m_fill,m_pad,w_250,h_250",85
"Portable Wireless Charger Folding Magnetic","Smart Gear & Power",30.78,9.62,68.7%,CJ-241229021035,"https://cjdropshipping.com/product/portable-wireless-charger-folding-magnetic-p-2412290210351602800.html","https://oss-cf.cjdropshipping.com/product/2024/12/29/02/3833f717-d69f-48e2-a2ac-177a63311598_trans.jpeg?x-oss-process=image/format,webp,image/resize,m_fill,m_pad,w_250,h_250",85
"Creative Portable Folding Ring Two-in-one Magnetic Wireless Charger","Smart Gear & Power",32.48,10.15,68.8%,CJ-240718082421,"https://cjdropshipping.com/product/creative-portable-folding-ring-two-in-one-magnetic-wireless-charger-p-2407180824211602300.html","https://cf.cjdropshipping.com/quick/product/07d7e2c7-03b5-427c-90cf-81ea4a34cfa8.jpg?x-oss-process=image/format,webp,image/resize,m_fill,m_pad,w_250,h_250",85
"Three in one wireless charger","Smart Gear & Power",21.12,6.6,68.8%,CJ-981CED52-CDF,"https://cjdropshipping.com/product/three-in-one-wireless-charger-p-981CED52-CDFF-404B-9A39-61E8FF5F4EC3.html","https://cf.cjdropshipping.com/20200914/1817043679414.png?x-oss-process=image/format,webp,image/resize,m_fill,m_pad,w_250,h_250",85
"Qi2 Protocol Magnetic Touch Rotating Wireless Charger","Smart Gear & Power",103.29,46.95,54.5%,CJ-240830061037,"https://cjdropshipping.com/product/qi2-protocol-magnetic-touch-rotating-wireless-charger-p-2408300610371613200.html","https://oss-cf.cjdropshipping.com/product/2024/08/30/06/32ffd603-e4b4-40bd-ab14-75deee2995d0_trans.jpeg?x-oss-process=image/format,webp,image/resize,m_fill,m_pad,w_250,h_250",85
"Mobile Phone Watch Headset Three-in-one Magnetic Rotating Wireless Charger","Smart Gear & Power",55.55,19.84,64.3%,CJ-179353184921,"https://cjdropshipping.com/product/mobile-phone-watch-headset-three-in-one-magnetic-rotating-wireless-charger-p-1793531849214533632.html","https://cf.cjdropshipping.com/quick/product/2d871aca-3341-4362-9861-7a3de083d777.jpg?x-oss-process=image/format,webp,image/resize,m_fill,m_pad,w_250,h_250",85
"540 Rotate Luminous Magnetic Cable 3A Fast Charging Mobile Phone Charge Cable","Smart Gear & Power",6.92,1.73,75.0%,CJ-138442833705,"https://cjdropshipping.com/product/540-rotate-luminous-magnetic-cable-3a-fast-charging-mobile-phone-charge-cable-for-led-micro-usb-type-c-for-i-phone-cable-p-1384428337052651520.html","https://cf.cjdropshipping.com/102b8c56-db9d-44e5-95b9-0478f7761629.jpg?x-oss-process=image/format,webp,image/resize,m_fill,m_pad,w_250,h_250",85
"USB Type C To USB C Cable 100W 66W Fast Charging","Smart Gear & Power",7.56,1.89,75.0%,CJ-162029612267,"https://cjdropshipping.com/product/usb-type-c-to-usb-c-cable-100w-66w-fast-charging-p-1620296122671575040.html","https://cc-west-usa.cjdropshipping.com/aae125ab-f367-454d-baee-55121cfa121b.jpg?x-oss-process=image/format,webp,image/resize,m_fill,m_pad,w_250,h_250",85
"Braided Nylon Usb Type-C Usb-C Data Cable For Fast Charging And Data","Smart Gear & Power",31.97,9.99,68.8%,CJ-137636475456,"https://cjdropshipping.com/product/braided-nylon-usb-type-c-usb-c-data-cable-for-fast-charging-and-data-transmission-p-1376364754565730304.html","https://cc-west-usa.oss-accelerate.aliyuncs.com/1616985474298.jpg?x-oss-process=image/format,webp,image/resize,m_fill,m_pad,w_250,h_250",85
"Slingshot Aluminum Alloy Type-c Cellphone Charging & Data Cable Applicable Tyc Data","Smart Gear & Power",4.36,1.09,75.0%,CJ-240615095859,"https://cjdropshipping.com/product/slingshot-aluminum-alloy-type-c-cellphone-charging-data-cable-applicable-tyc-data-cable-p-2406150958591629800.html","https://cf.cjdropshipping.com/quick/product/71ac4562-2537-4a01-bb2b-9d1e61d935ea.jpg?x-oss-process=image/format,webp,image/resize,m_fill,m_pad,w_250,h_250",85
"Digital Display Double Type-c Fast Charging Mobile Phone Data Cable","Smart Gear & Power",5.6,1.4,75.0%,CJ-250104033917,"https://cjdropshipping.com/product/digital-display-double-type-c-fast-charging-mobile-phone-data-cable-p-2501040339171613200.html","https://oss-cf.cjdropshipping.com/product/2025/01/04/03/bb451890-7dfa-4232-be2d-e4dc387f09a4_trans.jpeg?x-oss-process=image/format,webp,image/resize,m_fill,m_pad,w_250,h_250",85
"Compatible With , Rogue Dog Data Cable Type C For Android Sport","Smart Gear & Power",11.48,2.87,75.0%,CJ-8A06779A-4C8,"https://cjdropshipping.com/product/compatible-with--rogue-dog-data-cable-type-c-for-android-sport-dog-mobile-puppy-data-cable-phone-charging-cable-p-8A06779A-4C8B-4EDF-8C4E-953EC8326475.html","https://cf.cjdropshipping.com/1620293553721.jpg?x-oss-process=image/format,webp,image/resize,m_fill,m_pad,w_250,h_250",85
"New High-density Braided Flash Charging Data Cable Dual Type-c Charger","Smart Gear & Power",15.0,3.75,75.0%,CJ-138179209196,"https://cjdropshipping.com/product/new-high-density-braided-flash-charging-data-cable-dual-type-c-charger-p-1381792091964837888.html","https://cc-west-usa.cjdropshipping.com/1618312538944.jpg?x-oss-process=image/format,webp,image/resize,m_fill,m_pad,w_250,h_250",85
"Compatible with Apple , Type-C Liquid Soft Rubber Data Cable For Android","Smart Gear & Power",2.2,0.55,75.0%,CJ-143191935247,"https://cjdropshipping.com/product/compatible-with-apple--type-c-liquid-soft-rubber-data-cable-for-android-apple-huawei-mobile-phone-charging-cable-p-1431919352474636288.html","https://cc-west-usa.oss-accelerate.aliyuncs.com/a1195926-6073-473f-8f98-6edb900e88fc.jpg?x-oss-process=image/format,webp,image/resize,m_fill,m_pad,w_250,h_250",85
"Compatible with Apple, Compatible with Apple , PD100W Dual-head Type-c Fast Charge","Smart Gear & Power",6.24,1.56,75.0%,CJ-139998889497,"https://cjdropshipping.com/product/compatible-with-apple-compatible-with-apple--pd100w-dual-head-type-c-fast-charge-for-apple-notebook-macbook-charging-cable-p-1399988894971334656.html","https://frontend-cf.cjdropshipping.com/config-resource/cj/img_default.jpeg",85
"Magnetic Cable LED Magnet Charger Cable USB Cable & USB Type-C USB","Smart Gear & Power",3.96,0.99,75.0%,CJ-461C62AD-6DD,"https://cjdropshipping.com/product/magnetic-cable-led-magnet-charger-cable-usb-cable-usb-type-c-usb-c-p-461C62AD-6DD4-4BB6-A0B4-51EE138480B5.html","https://cc-west-usa.oss-accelerate.aliyuncs.com/20190511/2811275030690.jpg?x-oss-process=image/format,webp,image/resize,m_fill,m_pad,w_250,h_250",85
"Micro Usb Cable White Charging Cable","Smart Gear & Power",10.96,2.74,75.0%,CJ-160545188224,"https://cjdropshipping.com/product/micro-usb-cable-white-charging-cable-p-1605451882246451200.html","https://frontend-cf.cjdropshipping.com/config-resource/cj/img_default.jpeg",85
"3.1A Fast Charging USB Cable","Smart Gear & Power",31.97,9.99,68.8%,CJ-3104D239-C4B,"https://cjdropshipping.com/product/3.1a-fast-charging-usb-cable-p-3104D239-C4B0-4D75-8AA8-1B94E8ADC983.html","https://oss-cf.cjdropshipping.com/product/2025/11/16/02/ab029e3d-1510-407d-9b99-c8a44ec302ed_trans.jpeg?x-oss-process=image/format,webp,image/resize,m_fill,m_pad,w_250,h_250",85
"Power Vibration Data Cable Magnetic Suction Charging Cable","Smart Gear & Power",69.19,24.71,64.3%,CJ-250829075904,"https://cjdropshipping.com/product/power-vibration-data-cable-magnetic-suction-charging-cable-p-2508290759041604200.html","https://oss-cf.cjdropshipping.com/product/2025/08/29/07/64ec02ab-3b24-4fe2-bb3e-43240b9f4506.jpg?x-oss-process=image/format,webp,image/resize,m_fill,m_pad,w_250,h_250",85
"10in 1 Universal USB Charging Sync Data Cable","Smart Gear & Power",3.72,0.93,75.0%,CJ-8A32B09C-CFA,"https://cjdropshipping.com/product/10in-1-universal-usb-charging-sync-data-cable-p-8A32B09C-CFAA-4640-ABE2-11DEF5E3108E.html","https://frontend-cf.cjdropshipping.com/config-resource/cj/img_default.jpeg",85
"6A Double USB Type-C Cable 120W Fast Charge","Smart Gear & Power",2.64,0.66,75.0%,CJ-250207072055,"https://cjdropshipping.com/product/6a-double-usb-type-c-cable-120w-fast-charge-p-2502070720551612200.html","https://oss-cf.cjdropshipping.com/product/2025/02/07/07/9ac1b1c5-4f0c-4451-b371-0a90d72645b5_trans.jpeg?x-oss-process=image/format,webp,image/resize,m_fill,m_pad,w_250,h_250",85
"Suitable For Ticwatch Pro Smart Watch Magnetic Charger Ticwatch Pro Magnetic Charging","Smart Gear & Power",9.92,2.48,75.0%,CJ-138831115839,"https://cjdropshipping.com/product/suitable-for-ticwatch-pro-smart-watch-magnetic-charger-ticwatch-pro-magnetic-charging-cable-p-1388311158393540608.html","https://cc-west-usa.oss-accelerate.aliyuncs.com/1619833842378.jpg?x-oss-process=image/format,webp,image/resize,m_fill,m_pad,w_250,h_250",85
"Car Model UAV 2S Lithium Battery Balance USB Charging Cable","Smart Gear & Power",5.68,1.42,75.0%,CJ-250215022718,"https://cjdropshipping.com/product/car-model-uav-2s-lithium-battery-balance-usb-charging-cable-p-2502150227181602500.html","https://oss-cf.cjdropshipping.com/product/2025/02/15/02/d1698e26-9aa9-4277-9b13-5be7c68c51d2_fine.jpeg?x-oss-process=image/format,webp,image/resize,m_fill,m_pad,w_250,h_250",85
"Super Fast Charging Usb Single Head Mobile Phone Data Cable","Smart Gear & Power",2.04,0.51,75.0%,CJ-7884A323-75C,"https://cjdropshipping.com/product/super-fast-charging-usb-single-head-mobile-phone-data-cable-p-7884A323-75CD-4153-9D02-D3439DE453F7.html","https://cc-west-usa.oss-accelerate.aliyuncs.com/20200920/1009265501235.jpg?x-oss-process=image/format,webp,image/resize,m_fill,m_pad,w_250,h_250",85
"Magnetic Wireless Portable Power Bank","Smart Gear & Power",41.44,12.95,68.8%,CJ-135758700999,"https://cjdropshipping.com/product/magnetic-wireless-portable-power-bank-p-1357587009996197888.html","https://cf.cjdropshipping.com/1612508751624.jpg?x-oss-process=image/format,webp,image/resize,m_fill,m_pad,w_250,h_250",85
"Magnetic Wireless Power Bank Mobile Power Supply","Smart Gear & Power",40.32,12.6,68.8%,CJ-241023072851,"https://cjdropshipping.com/product/magnetic-wireless-power-bank-mobile-power-supply-p-2410230728511629900.html","https://oss-cf.cjdropshipping.com/product/2024/10/23/07/3dbedc08-b14d-42db-bc0d-fbd2d1c44c30_trans.jpeg?x-oss-process=image/format,webp,image/resize,m_fill,m_pad,w_250,h_250",85
"Magnetic Wireless Power Bank Protective Hard Bag","Smart Gear & Power",7.12,1.78,75.0%,CJ-240711013854,"https://cjdropshipping.com/product/magnetic-wireless-power-bank-protective-hard-bag-p-2407110138541624600.html","https://cf.cjdropshipping.com/quick/product/8c5ba2e5-b0a0-417a-874a-89556057e818.jpg?x-oss-process=image/format,webp,image/resize,m_fill,m_pad,w_250,h_250",85
"Ultra-thin Magnetic Wireless Power Bank 5000 MA","Smart Gear & Power",51.07,18.24,64.3%,CJ-250212095650,"https://cjdropshipping.com/product/ultra-thin-magnetic-wireless-power-bank-5000-ma-p-2502120956501605200.html","https://oss-cf.cjdropshipping.com/product/2025/02/12/09/d08cfa7d-ef57-4984-8b5d-b2c692c2fec1_trans.jpeg?x-oss-process=image/format,webp,image/resize,m_fill,m_pad,w_250,h_250",85
"Wireless Bluetooth Keyboard Colorful PBT Keycaps Mechanical Keyboard","Mechanical & Audio",60.37,21.56,64.3%,CJ-138441129781,"https://cjdropshipping.com/product/wireless-bluetooth-keyboard-colorful-pbt-keycaps-mechanical-keyboard-p-1384411297810092032.html","https://oss-cf.cjdropshipping.com/product/2024/12/31/07/9f791a62-66ff-42c5-90f3-0e85ee02f46b.jpg?x-oss-process=image/format,webp,image/resize,m_fill,m_pad,w_250,h_250",85
"Automatic mechanical pocket watch","Mechanical & Audio",34.5,10.78,68.8%,CJ-B9F79B02-EA3,"https://cjdropshipping.com/product/automatic-mechanical-pocket-watch-p-B9F79B02-EA3E-4CE7-AF45-E646975BA611.html","https://cf.cjdropshipping.com/20200528/211855382897.png?x-oss-process=image/format,webp,image/resize,m_fill,m_pad,w_250,h_250",85
"Automatic Mechanical Casual Men's Watch Tourbillon","Mechanical & Audio",69.19,24.71,64.3%,CJ-142210277670,"https://cjdropshipping.com/product/automatic-mechanical-casual-mens-watch-tourbillon-p-1422102776703488000.html","https://cf.cjdropshipping.com/abb8b0d7-04a0-4c14-b9bb-ef835fc0ff87.jpg?x-oss-process=image/format,webp,image/resize,m_fill,m_pad,w_250,h_250",85
"Hollow automatic men's business mechanical watch","Mechanical & Audio",1182.08,537.31,54.5%,CJ-DCCD0955-097,"https://cjdropshipping.com/product/hollow-automatic-mens-business-mechanical-watch-p-DCCD0955-097C-4C05-BE9A-B52E60891DD4.html","https://cf.cjdropshipping.com/20200914/29974971465.jpg?x-oss-process=image/format,webp,image/resize,m_fill,m_pad,w_250,h_250",85
"Multifunctional Mechanical Men's Automatic Watrproof Watch","Mechanical & Audio",112.38,51.08,54.5%,CJ-250818093918,"https://cjdropshipping.com/product/multifunctional-mechanical-mens-automatic-watrproof-watch-p-2508180939181615100.html","https://cf.cjdropshipping.com/quick/product/5eb42c80-ebb8-4ccf-9389-7abbfbb25d33.jpg?x-oss-process=image/format,webp,image/resize,m_fill,m_pad,w_250,h_250",85
"Fashion Men's Automatic Mechanical Hollow Watch","Mechanical & Audio",51.72,18.47,64.3%,CJ-144377815710,"https://cjdropshipping.com/product/fashion-mens-automatic-mechanical-hollow-watch-p-1443778157105778688.html","https://cf.cjdropshipping.com/21fd7795-5dca-4f8f-8194-700fb6be7e88.jpg?x-oss-process=image/format,webp,image/resize,m_fill,m_pad,w_250,h_250",85
"Tourbillon multifunctional waterproof automatic mechanical watch","Mechanical & Audio",82.18,29.35,64.3%,CJ-138479229654,"https://cjdropshipping.com/product/tourbillon-multifunctional-waterproof-automatic-mechanical-watch-p-1384792296540737536.html","https://cf.cjdropshipping.com/1618994888928.jpg?x-oss-process=image/format,webp,image/resize,m_fill,m_pad,w_250,h_250",85
"Mechanical watch men's watch business casual watch","Mechanical & Audio",83.51,37.96,54.5%,CJ-5464826D-172,"https://cjdropshipping.com/product/mechanical-watch-mens-watch-business-casual-watch-p-5464826D-1727-40E3-BB43-45CB9A97F5B0.html","https://cc-west-usa.oss-accelerate.aliyuncs.com/20180914/1287587721970.png?x-oss-process=image/format,webp,image/resize,m_fill,m_pad,w_250,h_250",85
"Automatic Mechanical Watch Luminous Men's Watch Waterproof","Mechanical & Audio",424.42,192.92,54.5%,CJ-179680279544,"https://cjdropshipping.com/product/automatic-mechanical-watch-luminous-mens-watch-waterproof-p-1796802795446734848.html","https://cf.cjdropshipping.com/quick/product/2d56c8c8-ea38-40b7-aa44-54278f676097.jpg?x-oss-process=image/format,webp,image/resize,m_fill,m_pad,w_250,h_250",85
"Double-sided Hollow Automatic Men's Mechanical Watch","Mechanical & Audio",59.44,21.23,64.3%,CJ-250818090312,"https://cjdropshipping.com/product/double-sided-hollow-automatic-mens-mechanical-watch-p-2508180903121619500.html","https://oss-cf.cjdropshipping.com/product/2025/08/18/09/81547b82-d78e-4eb2-b0c2-9b6210dcae9c_fine.jpeg?x-oss-process=image/format,webp,image/resize,m_fill,m_pad,w_250,h_250",85
"Men's Casual Watch Fashion Automatic Square Hollow Mechanical Watch Watch","Mechanical & Audio",43.84,13.7,68.8%,CJ-138333324741,"https://cjdropshipping.com/product/mens-casual-watch-fashion-automatic-square-hollow-mechanical-watch-watch-p-1383333247412473856.html","https://cc-west-usa.oss-accelerate.aliyuncs.com/1618657006096.png?x-oss-process=image/format,webp,image/resize,m_fill,m_pad,w_250,h_250",85
"Multifunctional Bluetooth-compatible Headset Cleaning Pen Set Keyboard Cleaner Cleaning Tools Cleaner Keycap","Mechanical & Audio",3.36,0.84,75.0%,CJ-154208009218,"https://cjdropshipping.com/product/multifunctional-bluetooth-compatible-headset-cleaning-pen-set-keyboard-cleaner-cleaning-tools-cleaner-keycap-puller-kit-p-1542080092183212032.html","https://cf.cjdropshipping.com/9bb7f77c-ba3c-4bd9-9bdd-d4c2fa76cfe4.jpg?x-oss-process=image/format,webp,image/resize,m_fill,m_pad,w_250,h_250",85
"ONE Handle Keyboard 2.4G Keyboard Wireless Keyboard Xboxone Chat Keyboard","Mechanical & Audio",23.1,7.22,68.7%,CJ-C3797917-840,"https://cjdropshipping.com/product/one-handle-keyboard-2.4g-keyboard-wireless-keyboard-xboxone-chat-keyboard-p-C3797917-8400-459D-9C4C-6572E3DCAA4C.html","https://cc-west-usa.oss-accelerate.aliyuncs.com/15590592/1336551298789.jpg?x-oss-process=image/format,webp,image/resize,m_fill,m_pad,w_250,h_250",85
"Keyboard gloves","Mechanical & Audio",6.48,1.62,75.0%,CJ-A919647A-822,"https://cjdropshipping.com/product/keyboard-gloves-p-A919647A-822C-43BE-82C7-AF0696C5D3DD.html","https://cc-west-usa.oss-us-west-1.aliyuncs.com/20200318/1721816993231.png?x-oss-process=image/format,webp,image/resize,m_fill,m_pad,w_250,h_250",85
"RGB Keyboard Support Wristband High Rebound Luminous Machinery Keyboard Support","Mechanical & Audio",6.2,1.55,75.0%,CJ-178307139504,"https://cjdropshipping.com/product/rgb-keyboard-support-wristband-high-rebound-luminous-machinery-keyboard-support-p-1783071395044405248.html","https://cf.cjdropshipping.com/quick/product/d5c921fb-a039-41ce-a643-30fd2b6f4d04.jpg?x-oss-process=image/format,webp,image/resize,m_fill,m_pad,w_250,h_250",85
"Key Cap EOA Height PBT Material Heat Sublimation High Aesthetic Value","Mechanical & Audio",78.01,27.86,64.3%,CJ-250724081516,"https://cjdropshipping.com/product/key-cap-eoa-height-pbt-material-heat-sublimation-high-aesthetic-value-p-2507240815161611000.html","https://oss-cf.cjdropshipping.com/product/2025/07/24/08/e8e0b178-bdb3-4ef8-bb8e-6f801ff5a51e.jpeg?x-oss-process=image/format,webp,image/resize,m_fill,m_pad,w_250,h_250",85
"8K Magnetic Shaft Machinery Keyboard Cable Keyboard Cable Aviation Incense Inserted Spring","Mechanical & Audio",21.22,6.63,68.8%,CJ-250305120630,"https://cjdropshipping.com/product/8k-magnetic-shaft-machinery-keyboard-cable-keyboard-cable-aviation-incense-inserted-spring-wire-p-2503051206301602600.html","https://cf.cjdropshipping.com/quick/product/ea93891c-10de-4188-8b47-418c76c4a474.jpg?x-oss-process=image/format,webp,image/resize,m_fill,m_pad,w_250,h_250",85
"IPad Keyboard Air5air4 Magnetic Protective Sleeve","Mechanical & Audio",69.81,31.73,54.5%,CJ-240608093923,"https://cjdropshipping.com/product/ipad-keyboard-air5air4-magnetic-protective-sleeve-p-2406080939231602200.html","https://cf.cjdropshipping.com/quick/product/25448b35-e28c-4fbc-91d4-ac2bf56357db.jpg?x-oss-process=image/format,webp,image/resize,m_fill,m_pad,w_250,h_250",85
"Stress Reducing Headphones, Children's Toy Headphones","Mechanical & Audio",42.37,13.24,68.8%,CJ-187143511836,"https://cjdropshipping.com/product/stress-reducing-headphones-childrens-toy-headphones-p-1871435118365552642.html","https://cf.cjdropshipping.com/53cbaf14-b189-403d-919f-d34232b037ce.jpg?x-oss-process=image/format,webp,image/resize,m_fill,m_pad,w_250,h_250",85
"TUNE120TWS wireless music headphones","Mechanical & Audio",27.84,8.7,68.8%,CJ-8C71A3D7-AC0,"https://cjdropshipping.com/product/tune120tws-wireless-music-headphones-p-8C71A3D7-AC03-4F07-A9A4-25DABE1562A3.html","https://cc-west-usa.oss-accelerate.aliyuncs.com/20200708/1428098650339.png?x-oss-process=image/format,webp,image/resize,m_fill,m_pad,w_250,h_250",85
"LED flashing cat ear headphones","Mechanical & Audio",38.46,12.02,68.7%,CJ-C18AA15C-2E0,"https://cjdropshipping.com/product/led-flashing-cat-ear-headphones-p-C18AA15C-2E06-4067-9FB1-A06C97D78ACF.html","https://cc-west-usa.oss-accelerate.aliyuncs.com/20200806/1084144593179.jpg?x-oss-process=image/format,webp,image/resize,m_fill,m_pad,w_250,h_250",85
"Wireless Headset Foldable Extra Bass Headphones","Mechanical & Audio",6.6,1.65,75.0%,CJ-176019751350,"https://cjdropshipping.com/product/wireless-headset-foldable-extra-bass-headphones-p-1760197513509871616.html","https://oss-cf.cjdropshipping.com/product/2024/02/21/06/c4fe4908-b7de-4918-83fe-d473ccc3b290_trans.jpeg?x-oss-process=image/format,webp,image/resize,m_fill,m_pad,w_250,h_250",85
"Wireless Bluetooth Translation Headphones Open Ear-mounted","Mechanical & Audio",55.24,19.73,64.3%,CJ-250120150305,"https://cjdropshipping.com/product/wireless-bluetooth-translation-headphones-open-ear-mounted-p-2501201503051619600.html","https://oss-cf.cjdropshipping.com/product/2025/01/20/15/fc97229a-f955-4ef9-ad08-29a56814515a.jpg?x-oss-process=image/format,webp,image/resize,m_fill,m_pad,w_250,h_250",85
"Wireless Bluetooth Headphones, Small, Portable, And Very Practical.","Mechanical & Audio",42.59,13.31,68.7%,CJ-190225669091,"https://cjdropshipping.com/product/wireless-bluetooth-headphones-small-portable-and-very-practical.-p-1902256690916118530.html","https://cc-west-usa.oss-us-west-1.aliyuncs.com/d26d512a-5354-4840-b7e3-6ccc3ed8baec.jpg?x-oss-process=image/format,webp,image/resize,m_fill,m_pad,w_250,h_250",85
"Wireless Bluetooth-compatible Translation Headphones Portable In-ear Translator","Mechanical & Audio",45.12,14.1,68.8%,CJ-179749950946,"https://cjdropshipping.com/product/wireless-bluetooth-compatible-translation-headphones-portable-in-ear-translator-p-1797499509468045312.html","https://oss-cf.cjdropshipping.com/product/2024/06/03/06/56d58bb5-7571-4ae7-9ea6-2ca0f7ae427f_fine.jpeg?x-oss-process=image/format,webp,image/resize,m_fill,m_pad,w_250,h_250",85
"Internet Hot Anchor Dedicated Headphones 3 M Long Line","Mechanical & Audio",5.44,1.36,75.0%,CJ-250331074702,"https://cjdropshipping.com/product/internet-hot-anchor-dedicated-headphones-3-m-long-line-p-2503310747021600500.html","https://oss-cf.cjdropshipping.com/product/2025/03/31/07/d965c2b6-8707-4369-836e-0334a7b745d9_trans.jpeg?x-oss-process=image/format,webp,image/resize,m_fill,m_pad,w_250,h_250",85
"Electric Standing Desk Whole Piece Adjustable Height Desk Home Office Computer Workstation","Mechanical & Audio",149.62,68.01,54.5%,CJ-189538065929,"https://cjdropshipping.com/product/electric-standing-desk-whole-piece-adjustable-height-desk-home-office-computer-workstation-sit-stand-up-desk-p-1895380659291201538.html","https://cf.cjdropshipping.com/66d88ecf-81a3-4404-919b-ba8437352490.png?x-oss-process=image/format,webp,image/resize,m_fill,m_pad,w_250,h_250",85
"Neck Wireless Bluetooth-compatible Earphones 9D Stereo Surround Headphone Magnetic Sport Neckband Headset","Mechanical & Audio",11.96,2.99,75.0%,CJ-240807071212,"https://cjdropshipping.com/product/neck-wireless-bluetooth-compatible-earphones-9d-stereo-surround-headphone-magnetic-sport-neckband-headset-neck-hanging-earbuds-p-2408070712121627400.html","https://oss-cf.cjdropshipping.com/product/2024/08/29/07/f2ed75a4-699d-4b1a-9b25-7fd3cb77eb50.jpg?x-oss-process=image/format,webp,image/resize,m_fill,m_pad,w_250,h_250",85
"Ear Clip Bone Conduction Headphone Bluetooth-compatible 5.2 HIFI Wireless Earphone Touch Handsfree","Mechanical & Audio",28.13,8.79,68.8%,CJ-157868948023,"https://cjdropshipping.com/product/ear-clip-bone-conduction-headphone-bluetooth-compatible-5.2-hifi-wireless-earphone-touch-handsfree-sports-noise-cancelling-headset-with-mic-p-1578689480230449152.html","https://cf.cjdropshipping.com/029b739e-5785-4d5e-8a34-7afef9ddfaf7.jpg?x-oss-process=image/format,webp,image/resize,m_fill,m_pad,w_250,h_250",85
"Tablet Computer Stand Aluminum Alloy Desktop Lazy Metal Cellphone Holder","Mechanical & Audio",6.96,1.74,75.0%,CJ-240905061536,"https://cjdropshipping.com/product/tablet-computer-stand-aluminum-alloy-desktop-lazy-metal-cellphone-holder-p-2409050615361613000.html","https://oss-cf.cjdropshipping.com/product/2024/09/05/09/1d2c4d41-95f2-42ca-9ad2-975a5ee35db1.jpg?x-oss-process=image/format,webp,image/resize,m_fill,m_pad,w_250,h_250",85
"Floor Standing Mirror, Wall Mirror With Stand Aluminum Alloy Thin Frame","Mechanical & Audio",97.94,44.52,54.5%,CJ-187220365194,"https://cjdropshipping.com/product/floor-standing-mirror-wall-mirror-with-stand-aluminum-alloy-thin-frame-p-1872203651945525250.html","https://cc-west-usa.oss-us-west-1.aliyuncs.com/64aa1fb5-7775-44d3-ad77-33eb05c3ba11.jpg?x-oss-process=image/format,webp,image/resize,m_fill,m_pad,w_250,h_250",85
"Eye-brow Knife Safe Beginner Female Macro","Mechanical & Audio",31.97,9.99,68.8%,CJ-240611113715,"https://cjdropshipping.com/product/eye-brow-knife-safe-beginner-female-macro-p-2406111137151608900.html","https://cf.cjdropshipping.com/quick/product/ddebc338-e888-42e7-9f9d-67e831a6423f.jpg?x-oss-process=image/format,webp,image/resize,m_fill,m_pad,w_250,h_250",85
"Macro Luminous Electric Home Cool color-Changing Wired Mouse","Mechanical & Audio",5.4,1.35,75.0%,CJ-E0D4579D-B9B,"https://cjdropshipping.com/product/macro-luminous-electric-home-cool-color-changing-wired-mouse-p-E0D4579D-B9B6-45DF-B63E-CDE120163E4A.html","https://cc-west-usa.oss-accelerate.aliyuncs.com/2055/4207416308940.jpg?x-oss-process=image/format,webp,image/resize,m_fill,m_pad,w_250,h_250",85
"Fisheye Wide-angle Macro Telephoto Polarized 7pcs Mobile Phone Lens","Mechanical & Audio",19.07,5.96,68.7%,CJ-144918242891,"https://cjdropshipping.com/product/fisheye-wide-angle-macro-telephoto-polarized-7pcs-mobile-phone-lens-p-1449182428919894016.html","https://cc-west-usa.oss-accelerate.aliyuncs.com/a5b47650-f892-4765-a684-3ec8845315a7.jpg?x-oss-process=image/format,webp,image/resize,m_fill,m_pad,w_250,h_250",85
"Wide-angle Macro Fisheye Lens Ten-in-one Suit External Camera Lens","Mechanical & Audio",19.44,4.86,75.0%,CJ-179645422741,"https://cjdropshipping.com/product/wide-angle-macro-fisheye-lens-ten-in-one-suit-external-camera-lens-p-1796454227418558464.html","https://cf.cjdropshipping.com/quick/product/5e6570e4-418b-45dc-9d4e-6508ef7aed93.jpg?x-oss-process=image/format,webp,image/resize,m_fill,m_pad,w_250,h_250",85
"Flat Support Elbow Pad Yoga Auxiliary Pad","Mechanical & Audio",4.64,1.16,75.0%,CJ-179782944146,"https://cjdropshipping.com/product/flat-support-elbow-pad-yoga-auxiliary-pad-p-1797829441461170176.html","https://cf.cjdropshipping.com/quick/product/e12e1365-a880-4cef-ac84-8e2b8f31279b.jpg?x-oss-process=image/format,webp,image/resize,m_fill,m_pad,w_250,h_250",85
"Pet Ice Pad Gel Cooling Ice Pad Summer Pet Pad Dog Mat","Mechanical & Audio",5.12,1.28,75.0%,CJ-136996320318,"https://cjdropshipping.com/product/pet-ice-pad-gel-cooling-ice-pad-summer-pet-pad-dog-mat-p-1369963203186003968.html","https://cf.cjdropshipping.com/1615459141576.jpg?x-oss-process=image/format,webp,image/resize,m_fill,m_pad,w_250,h_250",85
"Colored Cotton Baby Changing Pad Large Urine-proof Washable Breathable Cotton Nursing Pad","Mechanical & Audio",3.04,0.76,75.0%,CJ-138477998812,"https://cjdropshipping.com/product/colored-cotton-baby-changing-pad-large-urine-proof-washable-breathable-cotton--nursing-pad-menstrual-pad-childrens-diaper-pad-p-1384779988124962816.html","https://cf.cjdropshipping.com/1618991766089.jpg?x-oss-process=image/format,webp,image/resize,m_fill,m_pad,w_250,h_250",85
"Sticky Pad","Mechanical & Audio",31.97,9.99,68.8%,CJ-F90C9C0E-860,"https://cjdropshipping.com/product/sticky-pad-p-F90C9C0E-860F-40B4-9C9D-0A7BF62BCC33.html","https://oss-cf.cjdropshipping.com/product/2025/07/19/06/12eb2e1a-1ba4-45e2-9310-f8fefeebb8eb.jpg?x-oss-process=image/format,webp,image/resize,m_fill,m_pad,w_250,h_250",85
"VEVOR Car Body Dent Puller Bridge Lifter Tool Paintless Hail Remover Repair","Mechanical & Audio",84.33,38.33,54.5%,CJ-186754601511,"https://cjdropshipping.com/product/vevor-car-body-dent-puller-bridge-lifter-tool-paintless-hail-remover-repair-kit-p-1867546015113826304.html","https://cc-west-usa.oss-us-west-1.aliyuncs.com/1af0aaf2-853e-4d52-aed4-53383620e575.jpg?x-oss-process=image/format,webp,image/resize,m_fill,m_pad,w_250,h_250",85
"A Precision Screwdriver Tool Set","EDC & Precision Tools",40.32,12.6,68.8%,CJ-240612070315,"https://cjdropshipping.com/product/a-precision-screwdriver-tool-set-p-2406120703151627800.html","https://oss-cf.cjdropshipping.com/product/2024/06/12/07/9a5b16ed-6a7b-4641-b873-fa9b1a63cc04.jpg?x-oss-process=image/format,webp,image/resize,m_fill,m_pad,w_250,h_250",85
"32-in-1 Hardware Tool Combination Screwdriver Set","EDC & Precision Tools",9.48,2.37,75.0%,CJ-241228074053,"https://cjdropshipping.com/product/32-in-1-hardware-tool-combination-screwdriver-set-p-2412280740531603200.html","https://oss-cf.cjdropshipping.com/product/2024/12/28/07/eed07f49-dc1c-4775-ae25-d142ec9daa29_trans.jpeg?x-oss-process=image/format,webp,image/resize,m_fill,m_pad,w_250,h_250",85
"115 In 1 Precision Screwdriver Set, Super Durable Mini Professional Magnetic Repair","EDC & Precision Tools",47.94,14.98,68.8%,CJ-183268473876,"https://cjdropshipping.com/product/115-in-1-precision-screwdriver-set--super-durable-mini-professional-magnetic-repair-tool-kit-small-screwdriver-for-phone-computer-watch-laptop-macbook-eyeglass-electronic-p-1832684738768162816.html","https://cc-west-usa.oss-us-west-1.aliyuncs.com/77286396-1822-45f0-a0c4-b5d9e590bc30.jpg?x-oss-process=image/format,webp,image/resize,m_fill,m_pad,w_250,h_250",85
"Electric Screwdriver Triangle Bit 5-piece Set","EDC & Precision Tools",3.44,0.86,75.0%,CJ-250708120253,"https://cjdropshipping.com/product/electric-screwdriver-triangle-bit-5-piece-set-p-2507081202531601600.html","https://oss-cf.cjdropshipping.com/product/2025/07/08/12/11b27016-f5ae-4fcc-9f2b-9318ed6f0431.jpg?x-oss-process=image/format,webp,image/resize,m_fill,m_pad,w_250,h_250",85
"Indoor Playground 7-in-1 Jungle Gym Toy Set","EDC & Precision Tools",436.33,198.33,54.5%,CJ-188046335111,"https://cjdropshipping.com/product/indoor-playground-7-in-1-jungle-gym-toy-set-p-1880463351110860802.html","https://cc-west-usa.oss-us-west-1.aliyuncs.com/17371584/1880509836626759680.jpg?x-oss-process=image/format,webp,image/resize,m_fill,m_pad,w_250,h_250",85
"3 in 1 PE Yoga Pillar Set Foam Shaft","EDC & Precision Tools",29.98,9.37,68.7%,CJ-560DC174-CD0,"https://cjdropshipping.com/product/3-in-1-pe-yoga-pillar-set-foam-shaft-p-560DC174-CD02-42DE-A926-C64AD583497A.html","https://cc-west-usa.oss-accelerate.aliyuncs.com/20200617/251901279117.jpg?x-oss-process=image/format,webp,image/resize,m_fill,m_pad,w_250,h_250",85
"14-piece Set Impact Screwdriver Head Set Machine Repair Screwdriver Batch Suit Iron","EDC & Precision Tools",10.36,2.59,75.0%,CJ-240614033032,"https://cjdropshipping.com/product/14-piece-set-impact-screwdriver-head-set-machine-repair-screwdriver-batch-suit-iron-box-chrome-vanadium-steel-tools-suit-p-2406140330321628600.html","https://oss-cf.cjdropshipping.com/product/2024/06/14/06/b1e99f6d-5a0e-4778-bdb2-6dd66b141740.jpg?x-oss-process=image/format,webp,image/resize,m_fill,m_pad,w_250,h_250",85
"Grinding screwdriver","EDC & Precision Tools",9.24,2.31,75.0%,CJ-9CAC48BD-132,"https://cjdropshipping.com/product/grinding-screwdriver-p-9CAC48BD-1322-4B7C-A99B-D192FA809B23.html","https://cc-west-usa.oss-accelerate.aliyuncs.com/15608736/2493126541243.jpg?x-oss-process=image/format,webp,image/resize,m_fill,m_pad,w_250,h_250",85
"High Precision Shading Plastic Glow-in-the-dark Stone Finished Fabric","EDC & Precision Tools",13.4,3.35,75.0%,CJ-250530085950,"https://cjdropshipping.com/product/high-precision-shading-plastic-glow-in-the-dark-stone-finished-fabric-p-2505300859501613200.html","https://oss-cf.cjdropshipping.com/product/2025/05/30/08/b58c35e1-ac74-42b7-bdaa-c8dffa5a69c2.jpg?x-oss-process=image/format,webp,image/resize,m_fill,m_pad,w_250,h_250",85
"Luggage 3-in-1","EDC & Precision Tools",188.34,85.61,54.5%,CJ-186962636841,"https://cjdropshipping.com/product/luggage-3-in-1-p-1869626368414601216.html","https://frontend-cf.cjdropshipping.com/config-resource/cj/img_default.jpeg",85
"Cat Toy Set Cat Noise Toy With Built In Catnip Striped Pattern","EDC & Precision Tools",7.24,1.81,75.0%,CJ-182030214142,"https://cjdropshipping.com/product/cat-toy-set-cat-noise-toy-with-built-in-catnip-striped-pattern-cat-pillow-p-1820302141425602560.html","https://cc-west-usa.oss-us-west-1.aliyuncs.com/0dd31d14-dc95-449b-964f-3cc4d24d1aea.jpg?x-oss-process=image/format,webp,image/resize,m_fill,m_pad,w_250,h_250",85
"Dog Shower Attachment 2 In 1 Shower Hose Attachment Dog Bathing Soft","EDC & Precision Tools",10.88,2.72,75.0%,CJ-183152187677,"https://cjdropshipping.com/product/dog-shower-attachment-2-in-1-shower-hose-attachment-dog-bathing-soft-silicone-comb-teeth-ergonomic-grip-for-dog-bath-accessories-p-1831521876779618304.html","https://frontend-cf.cjdropshipping.com/config-resource/cj/img_default.jpeg",85
"25 In 1 Immune Supplement","EDC & Precision Tools",12.0,3.0,75.0%,CJ-193487215148,"https://cjdropshipping.com/product/25-in-1-immune-supplement-p-1934872151485612034.html","https://frontend-cf.cjdropshipping.com/config-resource/cj/img_default.jpeg",85
"Hammer screwdriver pull keychain","EDC & Precision Tools",2.04,0.51,75.0%,CJ-DB71F70F-B40,"https://cjdropshipping.com/product/hammer-screwdriver-pull-keychain-p-DB71F70F-B408-4B69-A3AD-4CAC7BA80489.html","https://cc-west-usa.oss-us-west-1.aliyuncs.com/15831648/1897406696713.jpg?x-oss-process=image/format,webp,image/resize,m_fill,m_pad,w_250,h_250",85
"Vehicle Navigation Player 2 64 Central Control Reversing Carplay Car Central Control","EDC & Precision Tools",114.11,51.87,54.5%,CJ-178114875191,"https://cjdropshipping.com/product/vehicle-navigation-player-2-64-central-control-reversing-carplay-car-central-control-all-in-one-machine-p-1781148751915126784.html","https://cf.cjdropshipping.com/quick/product/324ceea1-e49a-4be3-bab3-26c235612e00.jpg?x-oss-process=image/format,webp,image/resize,m_fill,m_pad,w_250,h_250",85
"Electric Pet Shaver 4-in-1 Set Digital Display Washing Dog Cat Scissors","EDC & Precision Tools",28.67,8.96,68.7%,CJ-250622032334,"https://cjdropshipping.com/product/electric-pet-shaver-4-in-1-set-digital-display-washing-dog-cat-scissors-p-2506220323341604300.html","https://oss-cf.cjdropshipping.com/product/2025/06/22/03/80d336c6-62fc-4e13-a6ea-c54fe7629ae0_trans.jpeg?x-oss-process=image/format,webp,image/resize,m_fill,m_pad,w_250,h_250",85
"Precise Silky Eyeliner Eye Shadow Pen Two-in-one","EDC & Precision Tools",31.97,9.99,68.8%,CJ-240618052835,"https://cjdropshipping.com/product/precise-silky-eyeliner-eye-shadow-pen-two-in-one-p-2406180528351616800.html","https://oss-cf.cjdropshipping.com/product/2024/06/18/05/ef07de5d-4200-4200-a8d8-88897ee71470_trans.jpeg?x-oss-process=image/format,webp,image/resize,m_fill,m_pad,w_250,h_250",85
"3-in-1 Dense Wax Heater","EDC & Precision Tools",36.96,11.55,68.8%,CJ-188774641501,"https://cjdropshipping.com/product/3-in-1-dense-wax-heater-p-1887746415012913154.html","https://frontend-cf.cjdropshipping.com/config-resource/cj/img_default.jpeg",85
"Titanium Alloy Portable EDC Tactical Pen Mini Self-defense","EDC & Precision Tools",28.8,9.0,68.8%,CJ-240629081511,"https://cjdropshipping.com/product/titanium-alloy-portable-edc-tactical-pen-mini-self-defense-p-2406290815111615200.html","https://cf.cjdropshipping.com/quick/product/58c9922f-6825-42d8-9048-41c7b37f235e.jpg?x-oss-process=image/format,webp,image/resize,m_fill,m_pad,w_250,h_250",85
"969 Piece Men's Home Repair Tool Set, Tool Box Organizer With 4","EDC & Precision Tools",278.67,126.67,54.5%,CJ-189239075225,"https://cjdropshipping.com/product/969-piece-mens-home-repair-tool-set-tool-box-organizer-with-4-drawers-universal-household-tool-set-with-rolling-tool-box-p-1892390752257961985.html","https://cc-west-usa.oss-us-west-1.aliyuncs.com/42d953d9-788b-4b8d-844f-c9e1cfd560a9.jpg?x-oss-process=image/format,webp,image/resize,m_fill,m_pad,w_250,h_250",85
"899 Piece Men's Home Repair Tool Set With 4 Drawers Tool Box","EDC & Precision Tools",274.65,124.84,54.5%,CJ-189238939189,"https://cjdropshipping.com/product/899-piece-mens-home-repair-tool-set-with-4-drawers-tool-box-organizer-p-1892389391899344897.html","https://cc-west-usa.oss-us-west-1.aliyuncs.com/a7126c0c-8347-4087-a732-a8adef32d900.jpg?x-oss-process=image/format,webp,image/resize,m_fill,m_pad,w_250,h_250",85
"198pc Tool Set Black & Red","EDC & Precision Tools",76.69,34.86,54.5%,CJ-186919580267,"https://cjdropshipping.com/product/198pc-tool-set-black-red-p-1869195802670157824.html","https://cc-west-usa.oss-us-west-1.aliyuncs.com/5d2a2167-0209-4381-8a18-f43b234c517c.jpg?x-oss-process=image/format,webp,image/resize,m_fill,m_pad,w_250,h_250",85
"General Fuel Timing Installation Tool Set","EDC & Precision Tools",58.04,20.73,64.3%,CJ-250520022344,"https://cjdropshipping.com/product/general-fuel-timing-installation-tool-set-p-2505200223441604300.html","https://oss-cf.cjdropshipping.com/product/2025/05/20/02/ce921134-1f09-4857-8613-b4f9f2dd82ce.jpg?x-oss-process=image/format,webp,image/resize,m_fill,m_pad,w_250,h_250",85
"Door Lock, Press And Unlock Tool","EDC & Precision Tools",79.63,28.44,64.3%,CJ-139634791683,"https://cjdropshipping.com/product/door-lock-press-and-unlock-tool-p-1396347916834181120.html","https://cc-west-usa.oss-accelerate.aliyuncs.com/1621750070952.jpg?x-oss-process=image/format,webp,image/resize,m_fill,m_pad,w_250,h_250",85
"Titanium Alloy Knife Holder Pocket Holder","EDC & Precision Tools",9.92,2.48,75.0%,CJ-138007673945,"https://cjdropshipping.com/product/titanium-alloy-knife-holder-pocket-holder-p-1380076739451031552.html","https://cc-west-usa.oss-accelerate.aliyuncs.com/1617870795798.jpg?x-oss-process=image/format,webp,image/resize,m_fill,m_pad,w_250,h_250",85
"Multi-pocket Pants Loose Casual","EDC & Precision Tools",23.87,7.46,68.7%,CJ-250108062746,"https://cjdropshipping.com/product/multi-pocket-pants-loose-casual-p-2501080627461605200.html","https://cf.cjdropshipping.com/quick/product/1f1db296-41c6-4824-8a14-d04599f655a4.jpg?x-oss-process=image/format,webp,image/resize,m_fill,m_pad,w_250,h_250",85
"Sports Multi-pocket Sweater Jacket","EDC & Precision Tools",26.53,8.29,68.8%,CJ-171744051393,"https://cjdropshipping.com/product/sports-multi-pocket-sweater-jacket-p-1717440513932009472.html","https://cc-west-usa.cjdropshipping.com/quick/product/abc6917f-e05a-4263-860d-21731656219e.jpg?x-oss-process=image/format,webp,image/resize,m_fill,m_pad,w_250,h_250",85
"Woodworking Planer Curved Sole Metal Thumb Planer Luthier Tool","EDC & Precision Tools",35.55,11.11,68.7%,CJ-151413722935,"https://cjdropshipping.com/product/woodworking-planer-curved-sole-metal-thumb-planer-luthier-tool-p-1514137229353037824.html","https://cc-west-usa.oss-accelerate.aliyuncs.com/1c744d61-2186-4df3-843d-49cd54a558ee.jpg?x-oss-process=image/format,webp,image/resize,m_fill,m_pad,w_250,h_250",85
"Straight Shank Twist Drill Bit Titanium Plated Hole Twist Drill Bit","EDC & Precision Tools",4.84,1.21,75.0%,CJ-136586456680,"https://cjdropshipping.com/product/straight-shank-twist-drill-bit-titanium-plated-hole-twist-drill-bit-p-1365864566801698816.html","https://cc-west-usa.oss-accelerate.aliyuncs.com/1614482280620.jpg?x-oss-process=image/format,webp,image/resize,m_fill,m_pad,w_250,h_250",85
"Multi-Color Casual Working Pants Multi-pocket Skinny Pants","EDC & Precision Tools",13.4,3.35,75.0%,CJ-250902142240,"https://cjdropshipping.com/product/multi-color-casual-working-pants-multi-pocket-skinny-pants-p-2509021422401622800.html","https://cf.cjdropshipping.com/quick/product/98faca92-d211-43a7-9e32-3dd48ed04d7f.jpg?x-oss-process=image/format,webp,image/resize,m_fill,m_pad,w_250,h_250",85
"Heavy Industry Multi-pocket Denim Overalls","EDC & Precision Tools",28.67,8.96,68.7%,CJ-241223030256,"https://cjdropshipping.com/product/heavy-industry-multi-pocket-denim-overalls-p-2412230302561600900.html","https://cf.cjdropshipping.com/quick/product/ffbc40e5-d379-4167-9257-5a2a15ab18a0.jpg?x-oss-process=image/format,webp,image/resize,m_fill,m_pad,w_250,h_250",85
"Women's Overalls Multi-pocket Design Elastic","EDC & Precision Tools",29.18,9.12,68.7%,CJ-250310011833,"https://cjdropshipping.com/product/womens-overalls-multi-pocket-design-elastic-p-2503100118331611000.html","https://cf.cjdropshipping.com/quick/product/c2e91da3-3f3a-4888-b56e-29dfec27d2c0.jpg?x-oss-process=image/format,webp,image/resize,m_fill,m_pad,w_250,h_250",85
"American-style Multi-pocket Shorts Breathable","EDC & Precision Tools",45.41,14.19,68.8%,CJ-240616033614,"https://cjdropshipping.com/product/american-style-multi-pocket-shorts-breathable-p-2406160336141625900.html","https://oss-cf.cjdropshipping.com/product/2024/06/16/03/91435c8c-8da0-47e6-b5d5-3412e8f9c0ba_fine.jpeg?x-oss-process=image/format,webp,image/resize,m_fill,m_pad,w_250,h_250",85
"Repair Watch Replaceable Plug Watchband Replacement And Disassembly Watchband Tool","EDC & Precision Tools",31.97,9.99,68.8%,CJ-250407052429,"https://cjdropshipping.com/product/repair-watch-replaceable-plug-watchband-replacement-and-disassembly-watchband-tool-p-2504070524291603300.html","https://oss-cf.cjdropshipping.com/product/2025/04/07/08/ecebfe5d-1737-4b52-a5df-5bfc4f39ca51_fine.jpeg?x-oss-process=image/format,webp,image/resize,m_fill,m_pad,w_250,h_250",85
"Men's Multi-Pocket Casual Drawstring Overalls","EDC & Precision Tools",48.27,17.24,64.3%,CJ-26F29D9A-75F,"https://cjdropshipping.com/product/mens-multi-pocket-casual-drawstring-overalls-p-26F29D9A-75F9-471E-B1DF-EC7BEFE3222C.html","https://frontend-cf.cjdropshipping.com/config-resource/cj/img_default.jpeg",85
"Multi-pocket Denim Ripped Leisure Shorts","EDC & Precision Tools",43.65,15.59,64.3%,CJ-250308014333,"https://cjdropshipping.com/product/multi-pocket-denim-ripped-leisure-shorts-p-2503080143331618900.html","https://cf.cjdropshipping.com/quick/product/8fb6e13c-35ce-4ba8-b100-3ae85f7582c9.jpg?x-oss-process=image/format,webp,image/resize,m_fill,m_pad,w_250,h_250",85
"Utility Knife Blade For Art Students","EDC & Precision Tools",5.2,1.3,75.0%,CJ-138037277439,"https://cjdropshipping.com/product/utility-knife-blade-for-art-students-p-1380372774392041472.html","https://cc-west-usa.oss-accelerate.aliyuncs.com/1617938466717.jpg?x-oss-process=image/format,webp,image/resize,m_fill,m_pad,w_250,h_250",85
"Cleaning Knife Planing Tool","EDC & Precision Tools",7.36,1.84,75.0%,CJ-25875DB8-F2A,"https://cjdropshipping.com/product/cleaning-knife--planing-tool-p-25875DB8-F2AE-4FD3-8AF4-A55444AC780F.html","https://cc-west-usa.oss-accelerate.aliyuncs.com/20200714/2857653999459.jpg?x-oss-process=image/format,webp,image/resize,m_fill,m_pad,w_250,h_250",85
"Folding Knife Outdoor Camping Mini Portable Knife","EDC & Precision Tools",16.13,5.04,68.8%,CJ-250701082211,"https://cjdropshipping.com/product/folding-knife-outdoor-camping-mini-portable-knife-p-2507010822111607800.html","https://cf.cjdropshipping.com/quick/product/5a856429-0ae6-42d7-baf2-bcbace1e37b9.jpg?x-oss-process=image/format,webp,image/resize,m_fill,m_pad,w_250,h_250",85
"Professional class woodworking trimming knife","EDC & Precision Tools",5.2,1.3,75.0%,CJ-0F7A385D-F91,"https://cjdropshipping.com/product/professional-class-woodworking-trimming-knife-p-0F7A385D-F919-4453-86F5-CCA58A6CDB24.html","https://cc-west-usa.oss-accelerate.aliyuncs.com/2042/1366542372963.jpg?x-oss-process=image/format,webp,image/resize,m_fill,m_pad,w_250,h_250",85
"LED Pool Light 18W RGB","Ambient & Studio Lighting",44.1,15.75,64.3%,CJ-241217083954,"https://cjdropshipping.com/product/led-pool-light-18w-rgb-p-2412170839541618500.html","https://cf.cjdropshipping.com/quick/product/966bff4b-4fc7-4932-9f8b-e2976ac6021b.jpg?x-oss-process=image/format,webp,image/resize,m_fill,m_pad,w_250,h_250",85
"Waterproof New RGB LED Solar Light Step Fence Light","Ambient & Studio Lighting",11.08,2.77,75.0%,CJ-136304579460,"https://cjdropshipping.com/product/waterproof-new-rgb-led-solar-light-step-fence-light-p-1363045794600587264.html","https://cf.cjdropshipping.com/1614679282500.jpg?x-oss-process=image/format,webp,image/resize,m_fill,m_pad,w_250,h_250",85
"RGB Full Color Pocket LED Photography Portable Mini Light Effect Light Painting","Ambient & Studio Lighting",105.8,48.09,54.5%,CJ-250224051928,"https://cjdropshipping.com/product/rgb-full-color-pocket-led-photography-portable-mini-light-effect-light-painting-camera-light-p-2502240519281611600.html","https://oss-cf.cjdropshipping.com/product/2025/02/24/05/30c5f243-5192-419c-aee7-d26913c8c71a_trans.jpeg?x-oss-process=image/format,webp,image/resize,m_fill,m_pad,w_250,h_250",85
"LED Light Supplementary Aluminum Floor Lamp Study Decorative Lamp","Ambient & Studio Lighting",73.92,26.4,64.3%,CJ-141521069410,"https://cjdropshipping.com/product/led-light-supplementary-aluminum-floor-lamp-study-decorative-lamp-p-1415210694105763840.html","https://cc-west-usa.oss-accelerate.aliyuncs.com/b17cdf2d-cdf3-49bc-baa5-43fdec110288.jpg?x-oss-process=image/format,webp,image/resize,m_fill,m_pad,w_250,h_250",85
"Self-timer Lamp LED Rechargeable Light For Mobile","Ambient & Studio Lighting",23.87,7.46,68.7%,CJ-250107030812,"https://cjdropshipping.com/product/self-timer-lamp-led-rechargeable-light-for-mobile-p-2501070308121611300.html","https://cf.cjdropshipping.com/quick/product/8ea18a64-06e8-4f0c-92f1-678992c5aeee.jpg?x-oss-process=image/format,webp,image/resize,m_fill,m_pad,w_250,h_250",85
"LED Night Light Mushroom Wall Socket Lamp EU US Plug Warm White","Ambient & Studio Lighting",2.56,0.64,75.0%,CJ-138259299123,"https://cjdropshipping.com/product/led-night-light-mushroom-wall-socket-lamp-eu-us-plug-warm-white-light-control-sensor-bedroom-light-home-decoration-p-1382592991235018752.html","https://cf.cjdropshipping.com/9fa9018f-841d-41bb-b592-0035d27f2add.jpg?x-oss-process=image/format,webp,image/resize,m_fill,m_pad,w_250,h_250",85
"Factory Direct 10W RGB Bottom Lamp Seven Color Remote Control 10W RGB","Ambient & Studio Lighting",13.12,3.28,75.0%,CJ-C08540C2-377,"https://cjdropshipping.com/product/factory-direct-10w-rgb-bottom-lamp-seven-color-remote-control-10w-rgb-underwater-lamp-10w-rgb-led-p-C08540C2-3776-425A-99C2-6DCFA8C5E724.html","https://cc-west-usa.oss-accelerate.aliyuncs.com/15133536/3397025003_1776819744.jpg?x-oss-process=image/format,webp,image/resize,m_fill,m_pad,w_250,h_250",85
"LED Light For Camping Type-c Charging Portable RGB Small Night Lamp","Ambient & Studio Lighting",14.08,3.52,75.0%,CJ-240621095350,"https://cjdropshipping.com/product/led-light-for-camping-type-c-charging-portable-rgb-small-night-lamp-p-2406210953501602900.html","https://oss-cf.cjdropshipping.com/product/2024/06/21/09/8478d9d7-5a77-40a4-b699-038f5ddbdd87_trans.jpeg?x-oss-process=image/format,webp,image/resize,m_fill,m_pad,w_250,h_250",85
"Ambience Light Restaurant Bar LED Charging Touch Small Night Lamp","Ambient & Studio Lighting",21.95,6.86,68.7%,CJ-240802073243,"https://cjdropshipping.com/product/ambience-light-restaurant-bar-led-charging-touch-small-night-lamp-p-2408020732431607200.html","https://cf.cjdropshipping.com/quick/product/fc1f1771-9984-46dd-aa6c-5c18fb04f855.jpg?x-oss-process=image/format,webp,image/resize,m_fill,m_pad,w_250,h_250",85
"Outdoor Solar Stair Light Waterproof LED","Ambient & Studio Lighting",12.08,3.02,75.0%,CJ-141627099018,"https://cjdropshipping.com/product/outdoor-solar-stair-light-waterproof-led-p-1416270990186516480.html","https://cc-west-usa.oss-accelerate.aliyuncs.com/bd6df022-ca6c-4829-8734-a8d3c781db78.jpg?x-oss-process=image/format,webp,image/resize,m_fill,m_pad,w_250,h_250",85
"Magnetic Levitation Table Lamp Moon Light 3D Printing Planet Night Light","Ambient & Studio Lighting",72.93,33.15,54.5%,CJ-138511645072,"https://cjdropshipping.com/product/magnetic-levitation-table-lamp-moon-light-3d-printing-planet-night-light-p-1385116450720714752.html","https://cf.cjdropshipping.com/1619072214470.jpg?x-oss-process=image/format,webp,image/resize,m_fill,m_pad,w_250,h_250",85
"Portable Household 25 Inch LED Dual Light Lens","Ambient & Studio Lighting",37.15,11.61,68.7%,CJ-250311053305,"https://cjdropshipping.com/product/portable-household-25-inch-led-dual-light-lens-p-2503110533051627600.html","https://cf.cjdropshipping.com/quick/product/c7bd2449-d8ab-4f2e-a80a-daff943937ff.jpg?x-oss-process=image/format,webp,image/resize,m_fill,m_pad,w_250,h_250",85
"New LED Body Induction Small Night Light USB Charging","Ambient & Studio Lighting",5.08,1.27,75.0%,CJ-135898278750,"https://cjdropshipping.com/product/new-led-body-induction-small-night-light-usb-charging-p-1358982787507556352.html","https://cc-west-usa.oss-accelerate.aliyuncs.com/1612841535694.jpg?x-oss-process=image/format,webp,image/resize,m_fill,m_pad,w_250,h_250",85
"Induction Folding Desktop Phone Stand Multifunctional Wireless Speaker Ambient Light","Ambient & Studio Lighting",16.84,4.21,75.0%,CJ-251116055350,"https://cjdropshipping.com/product/induction-folding-desktop-phone-stand-multifunctional-wireless-speaker-ambient-light-p-2511160553501637600.html","https://oss-cf.cjdropshipping.com/product/2026/05/20/06/f351e8d6-11f3-4ca1-beb2-8f4a8b1f3d0a.jpg?x-oss-process=image/format,webp,image/resize,m_fill,m_pad,w_250,h_250",85
"Dual Remote 24 Button Ambient Light","Ambient & Studio Lighting",80.14,28.62,64.3%,CJ-139165309980,"https://cjdropshipping.com/product/dual-remote-24-button-ambient-light-p-1391653099806003200.html","https://cc-west-usa.oss-accelerate.aliyuncs.com/1620630875996.jpg?x-oss-process=image/format,webp,image/resize,m_fill,m_pad,w_250,h_250",85
"Outdoor USB Handheld Multifunctional Charging Ambient Light","Ambient & Studio Lighting",46.37,14.49,68.8%,CJ-179672693200,"https://cjdropshipping.com/product/outdoor-usb-handheld-multifunctional-charging-ambient-light-p-1796726932009136128.html","https://cf.cjdropshipping.com/quick/product/3721613a-ba09-49ad-9073-94de9ab9d854.jpg?x-oss-process=image/format,webp,image/resize,m_fill,m_pad,w_250,h_250",85
"Abstract Entryway Decorative Painting Led Ambient Sense Light","Ambient & Studio Lighting",77.7,35.32,54.5%,CJ-158373149800,"https://cjdropshipping.com/product/abstract-entryway-decorative-painting-led-ambient-sense-light-p-1583731498002427904.html","https://cc-west-usa.oss-accelerate.aliyuncs.com/45049566-7a3f-442a-8e9f-6d1f44f4b584.jpg?x-oss-process=image/format,webp,image/resize,m_fill,m_pad,w_250,h_250",85
"LED Night Light Flower Crystal Ball Children Night Lamp With Woodern Base","Ambient & Studio Lighting",24.19,7.56,68.7%,CJ-175980038897,"https://cjdropshipping.com/product/led-night-light-flower-crystal-ball-children-night-lamp-with-woodern-base-bedroom-ambient-light-creative-gift-night-light-p-1759800388972187648.html","https://oss-cf.cjdropshipping.com/product/2024/03/01/08/faef2db3-89e6-4857-8725-b0f17612e340.jpg?x-oss-process=image/format,webp,image/resize,m_fill,m_pad,w_250,h_250",85
"Resin Night Light Jesus Desktop Decoration Crafts","Ambient & Studio Lighting",69.66,24.88,64.3%,CJ-250115015957,"https://cjdropshipping.com/product/resin-night-light-jesus-desktop-decoration-crafts-p-2501150159571611300.html","https://oss-cf.cjdropshipping.com/product/2025/01/15/01/45e25da0-21cf-4952-827e-5b648a9014c0_fine.jpeg?x-oss-process=image/format,webp,image/resize,m_fill,m_pad,w_250,h_250",85
"Colorful Cup Holder LED Light-up Coaster Solar & USB Charging Non-slip Coaster","Ambient & Studio Lighting",6.44,1.61,75.0%,CJ-143398571041,"https://cjdropshipping.com/product/colorful-cup-holder-led-light-up-coaster-solar-usb-charging-non-slip-coaster-ambient-light-for-car-automatically-p-1433985710410567680.html","https://cf.cjdropshipping.com/f0bbebdc-a065-46fe-b5c4-0043bbe499b0.jpg?x-oss-process=image/format,webp,image/resize,m_fill,m_pad,w_250,h_250",85
"New Air Humidifier Desktop Creative Led Light Charging","Ambient & Studio Lighting",16.42,5.13,68.8%,CJ-153880052238,"https://cjdropshipping.com/product/new-air-humidifier-desktop-creative-led-light-charging-p-1538800522382290944.html","https://cc-west-usa.oss-accelerate.aliyuncs.com/cd12b004-a33f-4329-bfe6-9dade06373f4.jpg?x-oss-process=image/format,webp,image/resize,m_fill,m_pad,w_250,h_250",85
"Tube Top Light Wedding Dress Bride Simple Long","Ambient & Studio Lighting",46.65,16.66,64.3%,CJ-240630150039,"https://cjdropshipping.com/product/tube-top-light-wedding-dress-bride-simple-long-p-2406301500391621700.html","https://cf.cjdropshipping.com/quick/product/8e4cbbaf-3769-4218-b5a8-b913a63edd7d.jpg?x-oss-process=image/format,webp,image/resize,m_fill,m_pad,w_250,h_250",85
"Simulation Flame Aromatherapy Humidifier 200ml Large Fog Volume Remote Control Ambient Light","Ambient & Studio Lighting",35.55,11.11,68.7%,CJ-179103785672,"https://cjdropshipping.com/product/simulation-flame-aromatherapy-humidifier-200ml-large-fog-volume-remote-control-ambient-light-home-flame-humidifier-p-1791037856728109056.html","https://cc-west-usa.oss-us-west-1.aliyuncs.com/5799098b-9cbc-4435-8be5-423034136d47.jpg?x-oss-process=image/format,webp,image/resize,m_fill,m_pad,w_250,h_250",85
"3 In 1 Anti-Gravity Humidifier Multifunctional Aromatherapy Machine Bluetooth-compatible Speaker Fish Tank","Ambient & Studio Lighting",47.23,14.76,68.7%,CJ-176747365574,"https://cjdropshipping.com/product/3-in-1-anti-gravity-humidifier-multifunctional-aromatherapy-machine-bluetooth-compatible-speaker-fish-tank-ambient-light-p-1767473655749025792.html","https://oss-cf.cjdropshipping.com/product/2024/04/07/07/4bbd5dea-4048-4cac-8763-cd0727a15610.jpg?x-oss-process=image/format,webp,image/resize,m_fill,m_pad,w_250,h_250",85
"Water level sensor","Ambient & Studio Lighting",17.95,5.61,68.7%,CJ-A81FD447-164,"https://cjdropshipping.com/product/water-level-sensor-p-A81FD447-164B-4864-901D-7E5BFDD005D5.html","https://cf.cjdropshipping.com/15155136/5402636246_1156516420.400x400.jpg?x-oss-process=image/format,webp,image/resize,m_fill,m_pad,w_250,h_250",85
"Table lamp USB LED reading book light touch sensor","Ambient & Studio Lighting",20.74,6.48,68.8%,CJ-7340352E-91A,"https://cjdropshipping.com/product/table-lamp-usb-led-reading-book-light-touch-sensor-p-7340352E-91A6-42D0-99A1-E506098DB97E.html","https://cf.cjdropshipping.com/20190831/961020469983.png?x-oss-process=image/format,webp,image/resize,m_fill,m_pad,w_250,h_250",85
"Knock sensor","Ambient & Studio Lighting",31.97,9.99,68.8%,CJ-BA960A78-B56,"https://cjdropshipping.com/product/knock-sensor-p-BA960A78-B56A-47DF-AF98-F61E2D23BB98.html","https://cc-west-usa.oss-accelerate.aliyuncs.com/20200715/2850100698534.jpg?x-oss-process=image/format,webp,image/resize,m_fill,m_pad,w_250,h_250",85
"Touch Screen LCD Screen R11ST Internal And External Integrated Display","Ambient & Studio Lighting",43.17,13.49,68.8%,CJ-155985418282,"https://cjdropshipping.com/product/touch-screen-lcd-screen-r11st-internal-and-external-integrated-display-p-1559854182826520576.html","https://cf.cjdropshipping.com/2751e9a7-7c4e-44fe-96ee-8161778723d5.jpg?x-oss-process=image/format,webp,image/resize,m_fill,m_pad,w_250,h_250",85
"Cute Duck LED Night Lamp Cartoon Silicone USB Rechargeable Sleeping Light Touch","Ambient & Studio Lighting",19.1,5.97,68.7%,CJ-176666354758,"https://cjdropshipping.com/product/cute-duck-led-night-lamp-cartoon-silicone-usb-rechargeable-sleeping-light-touch-sensor-timing-bedroom-bedside-lamp-for-kid-gift-home-decor-p-1766663547586621440.html","https://oss-cf.cjdropshipping.com/product/2024/04/15/09/b7706a9e-e893-432c-a7cc-87f24bc3b9d3.jpg?x-oss-process=image/format,webp,image/resize,m_fill,m_pad,w_250,h_250",85
"Home Decor Silicone Night Light Bedside Table Lamp LED Touch Sensor Lamp","Ambient & Studio Lighting",17.5,5.47,68.7%,CJ-169454138920,"https://cjdropshipping.com/product/home-decor-silicone-night-light-bedside-table-lamp-led-touch-sensor-lamp-for-girl-bedrooms-living-room-decoration-kids-birthday-gift-halloween-decorations-p-1694541389201154048.html","https://oss.cjdropshipping.com/product/2023/10/23/06/28de2f31-58a6-4977-a7aa-0e0bd0f53a02.jpg?x-oss-process=image/format,webp,image/resize,m_fill,m_pad,w_250,h_250",85
"Bedside Lamp Touch Table Lamp With Natural Sounds, Desk Lamp With Alarm","Ambient & Studio Lighting",69.66,24.88,64.3%,CJ-175332640158,"https://cjdropshipping.com/product/bedside-lamp-touch-table-lamp-with-natural-sounds-desk-lamp-with-alarm-clock-touch-control-3-levels-brightness-home-decor-p-1753326401580699648.html","https://oss-cf.cjdropshipping.com/product/2024/03/25/05/e644ff3e-8cc3-4d3c-955a-bd120317e970.jpg?x-oss-process=image/format,webp,image/resize,m_fill,m_pad,w_250,h_250",85
"Automotive water temperature sensor","Ambient & Studio Lighting",31.97,9.99,68.8%,CJ-942C27DE-93D,"https://cjdropshipping.com/product/automotive-water-temperature-sensor-p-942C27DE-93D8-4FCE-A9D1-2D81C1C833F8.html","https://cf.cjdropshipping.com/2052/102865616082.jpg?x-oss-process=image/format,webp,image/resize,m_fill,m_pad,w_250,h_250",85
"Double-sided Luminous USB Rechargeable Touch Adjustable Light Bedside Lamp","Ambient & Studio Lighting",22.46,7.02,68.7%,CJ-178957412980,"https://cjdropshipping.com/product/double-sided-luminous-usb-rechargeable-touch-adjustable-light-bedside-lamp-p-1789574129809629184.html","https://cf.cjdropshipping.com/quick/product/cf8dafea-b142-4996-a611-14b799ca30d7.jpg?x-oss-process=image/format,webp,image/resize,m_fill,m_pad,w_250,h_250",85
"Pencil 1nd Gen Storage Box Touch Tablet Pen Accessories Portable Hard Cover","Ambient & Studio Lighting",5.72,1.43,75.0%,CJ-139818568747,"https://cjdropshipping.com/product/pencil-1nd-gen-storage-box-touch-tablet-pen-accessories-portable-hard-cover-travel-case-p-1398185687479619584.html","https://cf.cjdropshipping.com/1622187588002.jpg?x-oss-process=image/format,webp,image/resize,m_fill,m_pad,w_250,h_250",85
"Cute LED Night Light Touch Sensor Cartoon Kid's Nightlights Big Face Rabbit","Ambient & Studio Lighting",16.99,5.31,68.7%,CJ-177003534126,"https://cjdropshipping.com/product/cute-led-night-light-touch-sensor-cartoon-kids-nightlights-big-face-rabbit-silicone-night-light-christmas-gift-bedside-lamp-home-decor-p-1770035341261541376.html","https://oss-cf.cjdropshipping.com/product/2024/04/29/03/1b0f237d-a557-4ea2-b497-5fc2445be890.jpg?x-oss-process=image/format,webp,image/resize,m_fill,m_pad,w_250,h_250",85
"Wired Pir Motion Sensor Passive Infrared Detector Wall Mounted Warning Alarm Relay","Ambient & Studio Lighting",11.72,2.93,75.0%,CJ-162061057345,"https://cjdropshipping.com/product/wired-pir-motion-sensor-passive-infrared-detector-wall-mounted-warning-alarm-relay-home-security-system-p-1620610573459271680.html","https://cf.cjdropshipping.com/807bf2fd-0011-4bb4-8dce-999cfab55e59.jpg?x-oss-process=image/format,webp,image/resize,m_fill,m_pad,w_250,h_250",85
"LED Rooster Night Light Touch With Sound Rechargeable Bedroom Bedside Lamp Dimmable","Ambient & Studio Lighting",25.89,8.09,68.8%,CJ-241114034058,"https://cjdropshipping.com/product/led-rooster-night-light-touch-with-sound-rechargeable-bedroom-bedside-lamp-dimmable-car-ambience-aroma-carrying-lamp-home-decor-p-2411140340581600500.html","https://oss-cf.cjdropshipping.com/product/2024/12/02/08/93b6afb1-ea1d-4240-ab41-269bc0e4d57a.jpg?x-oss-process=image/format,webp,image/resize,m_fill,m_pad,w_250,h_250",85
"Halloween Silicone Ghost Shaped Bedside Lamp With Touch Control Soft Glow For","Ambient & Studio Lighting",17.84,4.46,75.0%,CJ-240815032654,"https://cjdropshipping.com/product/halloween-silicone-ghost-shaped-bedside-lamp-with-touch-control-soft-glow-for-water-resistant-decoration-p-2408150326541603800.html","https://oss-cf.cjdropshipping.com/product/2024/09/09/08/4934d1b2-5550-47aa-8ba8-4229de7188b2.jpg?x-oss-process=image/format,webp,image/resize,m_fill,m_pad,w_250,h_250",85
"Simple Bedside Lamp Round Aisle Wall Lamp","Ambient & Studio Lighting",19.68,6.15,68.8%,CJ-241124031021,"https://cjdropshipping.com/product/simple-bedside-lamp-round-aisle-wall-lamp-p-2411240310211622700.html","https://cf.cjdropshipping.com/quick/product/d544c414-9753-4e52-890c-f2035f164503.jpg?x-oss-process=image/format,webp,image/resize,m_fill,m_pad,w_250,h_250",85
"Bedroom Bedside Vertical Table Lamp Floor Lamp","Ambient & Studio Lighting",45.63,14.26,68.7%,CJ-250724023236,"https://cjdropshipping.com/product/bedroom-bedside-vertical-table-lamp-floor-lamp-p-2507240232361627000.html","https://cf.cjdropshipping.com/quick/product/edfd85a3-9225-4063-aaa2-d6ace0ad213e.jpg?x-oss-process=image/format,webp,image/resize,m_fill,m_pad,w_250,h_250",85