internal_id,whop_product_id,whop_checkout_url
prod_cj_0023,prod_scilg4xlKk7Yp,https://whop.com/checkout/plan_yS8GOLXfjDccs
prod_cj_0027,prod_LTXpr109EkQxm,https://whop.com/checkout/plan_dldF1cCSyfkkE
prod_cj_0028,prod_8YpeSnEi3SHIZ,https://whop.com/checkout/plan_5usJdceSInh3V
prod_cj_0029,prod_zX2FBMcdVvgXI,https://whop.com/checkout/plan_Py2rrLtqr9U6Y
prod_cj_0030,prod_XfnuBggRGtSZn,https://whop.com/checkout/plan_S1WBsyMJCPWza
prod_cj_0032,prod_l8p5T6aAVEyBp,https://whop.com/checkout/plan_syKf0oXFVHtC2
prod_cj_0033,prod_Qvoz80TlKOcCP,https://whop.com/checkout/plan_eJYyODkmsUnjz
prod_cj_0034,prod_6wB2gfC3VZTDt,https://whop.com/checkout/plan_Lz6lR8F1XNLBy
prod_cj_0035,prod_rhKsZ4hMmHaRz,https://whop.com/checkout/plan_pH9aZd3mtQ00o
prod_cj_0146,prod_UyoAPuGcAP0ba,https://whop.com/checkout/plan_j3hG3i7mNz5Px
prod_cj_0147,prod_LbjVar7UBxDm8,https://whop.com/checkout/plan_ISiSPUovM2q6x
prod_cj_0150,prod_LFhoBCX3ke4t4,https://whop.com/checkout/plan_o0cSMwWEv14so
prod_cj_0151,prod_v5aIf1vqbkLlX,https://whop.com/checkout/plan_8zRzjMZBLqIyU
prod_cj_0152,prod_40fD11AjzlXpe,https://whop.com/checkout/plan_uUbLcEXIUqzxs
prod_cj_0153,prod_BEWBOr0rIWNdp,https://whop.com/checkout/plan_2DOvDUttiiqsM
prod_cj_0155,prod_EFrZP1vmWXiIK,https://whop.com/checkout/plan_PHHF3IwwuCwZG
prod_cj_0156,prod_hx6c8eiKjstNV,https://whop.com/checkout/plan_7bHX24qgjb37g
prod_cj_0182,prod_R48WMnDgIdpRd,https://whop.com/checkout/plan_p3sGPwXQYTNSa
prod_apex_audio,prod_dLUcCyZTbxBEO,https://whop.com/checkout/plan_sUkmest9O0TTy
prod_cj_0099,prod_dmxYW6HX69o1j,https://whop.com/checkout/plan_SAl6zNoXK8vFK
prod_cj_0100,prod_trS7hGnhnL01w,https://whop.com/checkout/plan_UyzFhL5VvLt2z
prod_cj_0101,prod_rZmIy0jTFpCg1,https://whop.com/checkout/plan_3jbOlW5g9r8Eo
prod_cj_0102,prod_n2VtwpgOqvrLa,https://whop.com/checkout/plan_gMBVPpbVBCPlX
prod_cj_0103,prod_O91X9SqlqJfXb,https://whop.com/checkout/plan_K5KcfXGdAbn0O
prod_cj_0104,prod_KbqNEh8fXEE5s,https://whop.com/checkout/plan_3puSQulmNdOTM
prod_cj_0105,prod_6Zw9DoBVMnKcc,https://whop.com/checkout/plan_Y6rGkHQXICR2L
prod_cj_0106,prod_J266BYRjCWf6H,https://whop.com/checkout/plan_6jar2zX5Bpg6W
prod_cj_0001,prod_qPuIz1UaauE2J,https://whop.com/checkout/plan_1AwzDL1rF3GJn
prod_cj_0002,prod_jkH2C4KWGmFGa,https://whop.com/checkout/plan_b0YOsPM2nAfAE
prod_cj_0108,prod_peSQEvRXThnPr,https://whop.com/checkout/plan_ts2YBFZmMkCEU
prod_cj_0109,prod_jqcJjSlMACqEN,https://whop.com/checkout/plan_Ovk2B8b6KxLeX
prod_cj_0005,prod_cJK69j34LM9eA,https://whop.com/checkout/plan_tvYHYufVaZwJV
prod_cj_0016,prod_hXygUmg8FHsFC,https://whop.com/checkout/plan_WfkBN2q4QTpRw
prod_cj_0018,prod_WWq47RdwBoa6E,https://whop.com/checkout/plan_yQ5ceuhMHulPI
prod_cj_0040,prod_kCYKltHl7Xjr2,https://whop.com/checkout/plan_KXeRaq4ruOTTx
prod_cj_0120,prod_Evq9dAcusQxbk,https://whop.com/checkout/plan_lnM9nE6cAhg4k
prod_cj_0135,prod_q2kJbolbwT7v0,https://whop.com/checkout/plan_KtbycUngCJv5k
prod_cj_0180,prod_rkpc9SGi4E9jw,https://whop.com/checkout/plan_R52FzaiFnronL
prod_cj_0185,prod_K503PLkSgqmpf,https://whop.com/checkout/plan_t8Boh9MsWoDqD
prod_cj_0187,prod_R2JeSxUpqVFq2,https://whop.com/checkout/plan_dajyI2SHIHc0T
prod_cj_0192,prod_iISEvTObuOHO0,https://whop.com/checkout/plan_kXmtMtLqeiBZd
prod_cj_0096,prod_rNHFqPMgPOqLa,https://whop.com/checkout/plan_2gIvW9BEMy2xS
prod_cj_0111,prod_nSbyMrHmRAYkE,https://whop.com/checkout/plan_HMUHhfFLkfb33
prod_cj_0116,prod_yCOaoedcCbRYw,https://whop.com/checkout/plan_IfFR975uANTmO
prod_cj_0117,prod_9TYDAmgsyB5NY,https://whop.com/checkout/plan_YleYtC210MA4F
prod_cj_0017,prod_GfdUZzPYqRvhT,https://whop.com/checkout/plan_XMoUBDtiWR9PO
prod_cj_0130,prod_RaqOS8xiCtQIO,https://whop.com/checkout/plan_NmQUBUGgvcc2Z
prod_cj_0013,prod_cf9CUwi4X6Fts,https://whop.com/checkout/plan_JLnFx8JAYb4M9
prod_cj_0118,prod_C4P2IwMYty4XN,https://whop.com/checkout/plan_HwQJD1dlmE7Q0
prod_cj_0119,prod_TEsWZcKIx4Mc3,https://whop.com/checkout/plan_xa8HSB6ZubnOi
prod_cj_0125,prod_G9kbLJVQIuny8,https://whop.com/checkout/plan_Xz5sshfiO1NEw
prod_cj_0126,prod_n503Lo7GkKtL5,https://whop.com/checkout/plan_X5ez3XdHDhZ6g
prod_cj_0129,prod_jWXjO6kJGizqz,https://whop.com/checkout/plan_UXxzIz9h2bddS
prod_cj_0131,prod_2AgR8MGkOzAHp,https://whop.com/checkout/plan_7YHsfFux8KyGr
prod_cj_0132,prod_fg0uMHt74GFQv,https://whop.com/checkout/plan_SSJoSXRDcJqTs
prod_cj_0133,prod_dPT0JV1S4MbW7,https://whop.com/checkout/plan_Qp2mywgiIbFGV
prod_cj_0136,prod_6T4nlrB7OpCA7,https://whop.com/checkout/plan_VwKFFh7QHADDu
prod_cj_0138,prod_XWMPORGqPDWsF,https://whop.com/checkout/plan_YCaJ19vVqhfp5
prod_cj_0144,prod_QwxPHW9Nx5lBg,https://whop.com/checkout/plan_njwnw2eLg7z1P
prod_cj_0181,prod_nL59jeIPF6iPe,https://whop.com/checkout/plan_E1pNVdafwaryu
prod_cj_0183,prod_0jmNuWFRz5pXW,https://whop.com/checkout/plan_aPAAuMLzApqhN
prod_cj_0184,prod_bDyJTcBw8yJfU,https://whop.com/checkout/plan_o6MQIkmXeqsDQ
prod_cj_0196,prod_oDWjPmrzrSJdV,https://whop.com/checkout/plan_FPVBnwDiMmEfR
prod_cj_0020,prod_v4GvDbdcnDfhT,https://whop.com/checkout/plan_qzJOlzOX9A7hx
prod_cj_0021,prod_mKxbvfSgyzJS4,https://whop.com/checkout/plan_0qDP7aPQjZf65
prod_cj_0022,prod_tVKLyxlP9TaLM,https://whop.com/checkout/plan_GBt0dxeIkcsL3
prod_cj_0024,prod_ReLN56ILERBUI,https://whop.com/checkout/plan_Ss09pVOf1xxYa
prod_cj_0025,prod_YIcwW4ryOFyrM,https://whop.com/checkout/plan_6UugUv1PVtQ3e
prod_cj_0026,prod_iwiYpFEcQOK3f,https://whop.com/checkout/plan_BzjA2f1Ijbbgf
prod_cj_0031,prod_wSzLTp1eufafS,https://whop.com/checkout/plan_Rppj8m3LZ43K8
prod_cj_0081,prod_QnJBc3lRhRmDU,https://whop.com/checkout/plan_fOWEI6YI8NAMY
prod_cj_0093,prod_FpcUepa5kVGrS,https://whop.com/checkout/plan_jQQsBebnOEpxk
prod_cj_0095,prod_r3zNA8H0Nunxq,https://whop.com/checkout/plan_02XjW5BttDuTj
prod_cj_0097,prod_EaGav4sAF7VX5,https://whop.com/checkout/plan_H0PSuy1GzxMgj
prod_cj_0098,prod_g2PVT7Nj6lynq,https://whop.com/checkout/plan_V3NGYLzlcR3aN
prod_cj_0113,prod_S7IJ7MCrB4S3v,https://whop.com/checkout/plan_NTJetllAGX9dz
prod_obsidian_board,prod_XFauZvhR5c8dH,https://whop.com/checkout/plan_pqlOsyRPTshnm
prod_cj_0006,prod_GZiqeZ45EH4fr,https://whop.com/checkout/plan_DkLBtYDmFmVzG
prod_cj_0007,prod_Wc8n2Aid39Wy0,https://whop.com/checkout/plan_lfyFmNqFJxRQz
prod_cj_0008,prod_6rFQ9Aqtfdfcz,https://whop.com/checkout/plan_pRJBVxrJLyZ7K
prod_cj_0009,prod_de4cDaTa4oSNR,https://whop.com/checkout/plan_nfpsWSCSY7ac3
prod_cj_0010,prod_1DgEHTsqzkiMk,https://whop.com/checkout/plan_THnA8o8pDqSRZ
prod_cj_0011,prod_cxzkbZeikNXTC,https://whop.com/checkout/plan_ZbR48iKXucNW9
prod_cj_0012,prod_uAJVCgC5Isx9r,https://whop.com/checkout/plan_H7ehtE5BZ2G8D
prod_cj_0015,prod_sVzyI35i2VN4N,https://whop.com/checkout/plan_Fy2Y6xVihYwAX
prod_cj_0161,prod_h55yxQymTROrL,https://whop.com/checkout/plan_WRxPnZOlKUtE3
prod_cj_0162,prod_64WKQ0bI5zYfC,https://whop.com/checkout/plan_sB6sYvdk3qkAO
prod_cj_0163,prod_3HfcEgi8y6sjU,https://whop.com/checkout/plan_AYdZQAA9pauIE
prod_cj_0164,prod_oLPn35b5MDU8m,https://whop.com/checkout/plan_4QytUXcQ4Oxwc
prod_cj_0165,prod_6wzPg9e02kmvP,https://whop.com/checkout/plan_v9W6Cw6yQjncc
prod_cj_0166,prod_HBzL1tKfmeqUe,https://whop.com/checkout/plan_BbV684Kg54vQA
prod_cj_0167,prod_T37mwkk58AzpT,https://whop.com/checkout/plan_AgPyETkxOuLzD
prod_cj_0170,prod_4hP8GoTfOkD3I,https://whop.com/checkout/plan_iUYkwHKXzKLq7
prod_cj_0171,prod_kFkDwKV8u0Rc1,https://whop.com/checkout/plan_x5VtgqgDdQMfi
prod_cj_0172,prod_Y5EeKUqIbgUnF,https://whop.com/checkout/plan_4lkAqRvrTxryA
prod_cj_0174,prod_x2VwYZ16oIfqf,https://whop.com/checkout/plan_8qkGEu5ByiiRi
prod_cj_0175,prod_9Ec6tCL4w1g9u,https://whop.com/checkout/plan_jFqeZeQm2Lm8y
prod_cj_0177,prod_FjDNmAYS8qo0D,https://whop.com/checkout/plan_NKqFTonIzqa2H
prod_cj_0178,prod_ghccHFpbmPocQ,https://whop.com/checkout/plan_Nv4ruXaPkHE67
prod_cj_0179,prod_Lz9hHPYy1aAvM,https://whop.com/checkout/plan_vS4dCRac6KJQg
prod_cj_0189,prod_er9ovN8CslKN8,https://whop.com/checkout/plan_k5CwiDPQCgqby
prod_cj_0190,prod_U3LZRhgvOXws2,https://whop.com/checkout/plan_cqJ3hJSMk3GFt
prod_cj_0191,prod_IdLVYAbjU3RQd,https://whop.com/checkout/plan_Y6jIUbwJh0IOQ
prod_cj_0195,prod_wx1IaaweyQUl3,https://whop.com/checkout/plan_DKsYxWPjhhHu1
prod_cj_0197,prod_AtM0vt28MSZwa,https://whop.com/checkout/plan_mJKQSaGlpSQkE
prod_cj_0198,prod_7olAq4eEK1ZAF,https://whop.com/checkout/plan_0n1Ua1Tlw0jqq
prod_cj_0199,prod_Awc04uZTXcHYe,https://whop.com/checkout/plan_W0MT25heuEVne
prod_cj_0200,prod_sQKFkOnmWEfUC,https://whop.com/checkout/plan_JzQoMq114JUal
prod_horizon_light,prod_e0vJukrGQsggz,https://whop.com/checkout/plan_fDvveFQ2Lo7KK
prod_nyxeris_horizon_screenbar_light,prod_qnbLzKGWNlaZj,https://whop.com/checkout/plan_xJYtaSciK6jQK
prod_cj_0112,prod_lDJaYDu8YuKBd,https://whop.com/checkout/plan_kSUeAQ9uvTcEE
prod_cj_0121,prod_hKs2j9iArZIjO,https://whop.com/checkout/plan_0OS8WRG9WsBGp
prod_cj_0122,prod_UGygJp14u1uz9,https://whop.com/checkout/plan_1Fz582LiIUXys
prod_cj_0123,prod_POgTZNY7bz53N,https://whop.com/checkout/plan_DFrCoDPPPgu9S
prod_cj_0124,prod_rsZXhnSw2w1t8,https://whop.com/checkout/plan_9YGVPr9XS1JXd
prod_cj_0127,prod_MZwSO8aVTrZqV,https://whop.com/checkout/plan_jxRCPh0QwKOjq
prod_cj_0128,prod_Zad6JKSJM0ujx,https://whop.com/checkout/plan_V2LWdIZLEQffJ
prod_cj_0134,prod_KteaUsnpE3ekZ,https://whop.com/checkout/plan_38jNh6yO4LvJz
prod_cj_0137,prod_U367GPLn12naI,https://whop.com/checkout/plan_E4AeNFHG9wG1s
prod_cj_0140,prod_lX44g3WgCGrZr,https://whop.com/checkout/plan_y1IJ7xoU833WJ
prod_cj_0141,prod_vnpNBxJwkgasA,https://whop.com/checkout/plan_2JnKZNfYQnm0A
prod_cj_0142,prod_TpIjANu26gXIQ,https://whop.com/checkout/plan_1pzhfXKdHkaIf
prod_cj_0143,prod_NFoagTl3OA3sQ,https://whop.com/checkout/plan_AIsfdkx0Aos1X
prod_cj_0145,prod_K5W5xitC4jIMq,https://whop.com/checkout/plan_e453Vr3IAVHwI
prod_cj_0148,prod_7scv9zSpmcBcN,https://whop.com/checkout/plan_1Ynd3RkI1Bblc
prod_cj_0149,prod_Q6UHPYxAxZE0o,https://whop.com/checkout/plan_RKpahjVqD4I2F
prod_cj_0154,prod_SGTz6wdaa0sJ7,https://whop.com/checkout/plan_7JZSmHX7zDAA3
prod_cj_0157,prod_Yppu3sjQAIDm4,https://whop.com/checkout/plan_TDn3vgJLZnqRt
prod_cj_0158,prod_zT2PFORMQ1THo,https://whop.com/checkout/plan_x6lERmoeZ0i7I
prod_cj_0159,prod_Hw4Snij9fljCw,https://whop.com/checkout/plan_SrqO3XqQi832z
prod_cj_0160,prod_L7ZGaKQqzDgq0,https://whop.com/checkout/plan_a5hL8oKf3Rd4W
prod_edc_tool,prod_4NMSRhwpziIsm,https://whop.com/checkout/plan_pGHFnsdhjHB4v
prod_nyxeris_vektor_titanium_tool,prod_olUKrLJTPJLRU,https://whop.com/checkout/plan_mJwSfmQ2xxz5q
prod_cj_0042,prod_KRLc40ZMPqZqm,https://whop.com/checkout/plan_T0MpZVyzipE3W
prod_cj_0043,prod_rSotGYkManGTu,https://whop.com/checkout/plan_ZjZS6AVWc0p9Y
prod_cj_0044,prod_9mlvonnyCQxS7,https://whop.com/checkout/plan_gf8kihdUqsogh
prod_cj_0045,prod_NLlsgEqS7S2FO,https://whop.com/checkout/plan_G507HUL7koMcx
prod_cj_0046,prod_lf9dbdi63Zl6l,https://whop.com/checkout/plan_vcrxIjZaWPqsP
prod_cj_0047,prod_9uE440TjqnqUJ,https://whop.com/checkout/plan_wG9KyuR4Y62Sm
prod_cj_0048,prod_DRxSDQR6yqedu,https://whop.com/checkout/plan_LeHGxR4OFGBzw
prod_cj_0049,prod_qYaAp1S4QfTVx,https://whop.com/checkout/plan_MJttCLM3VfO9f
prod_cj_0050,prod_4IhTm1fWoCMkK,https://whop.com/checkout/plan_ARrhJWZcGldbT
prod_cj_0051,prod_QknGbwIkALVrM,https://whop.com/checkout/plan_Cb2xquAdafZVF
prod_cj_0052,prod_cPEhnwcDwgIIE,https://whop.com/checkout/plan_cMrcpY7JlCNmf
prod_cj_0054,prod_YpRARJz6x56aS,https://whop.com/checkout/plan_IqAZLNDyI8lFO
prod_cj_0055,prod_nFyEY08urDKkk,https://whop.com/checkout/plan_XnVO3aGGJdtMo
prod_cj_0056,prod_2YsAIdThUbKTm,https://whop.com/checkout/plan_YSKpDmWdGnphH
prod_cj_0057,prod_RKumauDDtPe2D,https://whop.com/checkout/plan_TVXT3laNnLDSX
prod_cj_0059,prod_eTz69baKXoMji,https://whop.com/checkout/plan_X2UhlX4fcDNwu
prod_cj_0060,prod_DaSrq8gyI35o1,https://whop.com/checkout/plan_OBDsDXvQWjuPn
prod_cj_0061,prod_FUU6ux8hRs966,https://whop.com/checkout/plan_4E3qaSgRCgUoS
prod_cj_0062,prod_tMeyyPs5b3COp,https://whop.com/checkout/plan_HiOYCN31CpH31
prod_cj_0063,prod_3BjpMkHD3XUOb,https://whop.com/checkout/plan_HW2DrIrb2dfrL
prod_cj_0064,prod_NORjoWIhPsKit,https://whop.com/checkout/plan_KMuVY8MYsajj7
prod_cj_0065,prod_zFLZy3ahp6q9g,https://whop.com/checkout/plan_LyVnYLCrawWv8
prod_cj_0066,prod_phMY8eXUjD1wC,https://whop.com/checkout/plan_h5yc7pMP38VL4
prod_cj_0067,prod_Q5aMiiFAIaYlo,https://whop.com/checkout/plan_gt3IDd2cRF4io
prod_cj_0068,prod_wFx8fTsu4OLZy,https://whop.com/checkout/plan_eBie6eK8XGaZ2
prod_cj_0069,prod_7GBXg5TE5pDOJ,https://whop.com/checkout/plan_E4jI8skQAp651
prod_cj_0070,prod_ZcGAoWQQBOIrV,https://whop.com/checkout/plan_Ft0fDD3oonkvT
prod_cj_0071,prod_XQAKhpaZFE1fB,https://whop.com/checkout/plan_VUq2C1kOJtKoi
prod_cj_0072,prod_seiR1BqyaQ0wp,https://whop.com/checkout/plan_5bqcVmldzBBpE
prod_cj_0073,prod_0UYAioJYX4Gkn,https://whop.com/checkout/plan_a6B0lNrZRNZJY
prod_cj_0075,prod_7uEvcxXvI4N4g,https://whop.com/checkout/plan_9YhZkcrx2lCg0
prod_cj_0076,prod_xiIgQIQiTV6vq,https://whop.com/checkout/plan_N8tPjPTikfDsw
prod_cj_0077,prod_tc7t12CeyhMcn,https://whop.com/checkout/plan_kSkhLtGpn6wiC
prod_cj_0078,prod_KkCJ2fxj1S6f0,https://whop.com/checkout/plan_LR6hlrYPC73ZD
prod_cj_0079,prod_uFFbr9Q3NmvY7,https://whop.com/checkout/plan_St6zjmO9xg9rb
prod_cj_0080,prod_Zi9H9UVN7wecd,https://whop.com/checkout/plan_KATjbluxXo0wI
prod_cj_0168,prod_Hvf2migRaUQLy,https://whop.com/checkout/plan_mQhD0pvB0WM9l
prod_cj_0169,prod_YklRb8BWhpBiX,https://whop.com/checkout/plan_WHKAKIOusMlGb
prod_cj_0173,prod_dGu9QV1ZLToeO,https://whop.com/checkout/plan_56hRjcHZoiiZM
prod_cj_0176,prod_ynzRBOlnpqZuQ,https://whop.com/checkout/plan_236haVIxtvlvO
prod_cj_0186,prod_kdsEdaYgGLQeN,https://whop.com/checkout/plan_AWXctwvjy3Zbw
prod_cj_0193,prod_Y2DhskLrT5MPZ,https://whop.com/checkout/plan_ZjAwJHR0mTo7u
prod_nyxeris_matrix_magsafe_station,prod_J52GKgvhc9zm1,https://whop.com/checkout/plan_1C0Ml1p1KN25A
prod_pulse_dock,prod_iyo64q9gr5Z7r,https://whop.com/checkout/plan_yMOcYSpK8Z6WL
prod_cj_0053,prod_3j2dq5dXS0dzy,https://whop.com/checkout/plan_UXOOWeipWF9KV
prod_cj_0058,prod_QjwkilQwQ7ZdR,https://whop.com/checkout/plan_Tinw83UbqgDJT
prod_cj_0074,prod_qlL4XgJo4zRQR,https://whop.com/checkout/plan_xh3JjRI0yLQWW
prod_cj_0082,prod_Rw2ke02ZZczPG,https://whop.com/checkout/plan_PgauY8QB294m6
prod_cj_0083,prod_V1nvkRvRvIYrI,https://whop.com/checkout/plan_AYuLVJUEEZhx0
prod_cj_0084,prod_WGElqZQj91S1O,https://whop.com/checkout/plan_UkmvL7WuRT0Vq
prod_cj_0085,prod_bq5nPliF8kwCN,https://whop.com/checkout/plan_xMI2AtHfTJ39k
prod_cj_0086,prod_OXy1sKqsI5Hjc,https://whop.com/checkout/plan_exiJHIK1gUoQ0
prod_cj_0087,prod_5uUOwqAOgtV6i,https://whop.com/checkout/plan_uxvz8nLtw70fr
prod_cj_0088,prod_kbuIMPu7zYlfY,https://whop.com/checkout/plan_EmpSMHWuWhlEI
prod_cj_0089,prod_I0CyyYraPpxSO,https://whop.com/checkout/plan_Dy6vIq3OWBKA8
prod_cj_0090,prod_7AclRaQd6E0pP,https://whop.com/checkout/plan_ymk6hFWC1XNhJ
prod_cj_0091,prod_3gMysjBMag6fS,https://whop.com/checkout/plan_10sMsNHaXvomv
prod_cj_0003,prod_Qs7W2S7pfLeuj,https://whop.com/checkout/plan_VjvnxE4nhVd7h
prod_cj_0014,prod_kf6C0wW8rowmO,https://whop.com/checkout/plan_eusIMBFckrWEM
prod_cj_0036,prod_a2NZK1HctI5TI,https://whop.com/checkout/plan_dDfRP9HQYgG3b
prod_cj_0037,prod_BBp2a2rlquLDS,https://whop.com/checkout/plan_UocL8rKVU2za9
prod_cj_0038,prod_PFjX99Sw6FZbF,https://whop.com/checkout/plan_8p4ti61XlOYcB
prod_cj_0039,prod_ZUMP6DPliiBH8,https://whop.com/checkout/plan_oN8BLufgBd0Vf
prod_cj_0092,prod_GbaEcB1KNM59y,https://whop.com/checkout/plan_nPi65t5aExSEW
prod_cj_0094,prod_rNK6dKEXjjnTl,https://whop.com/checkout/plan_R27ya7mV9PYJW
prod_cj_0107,prod_KYzAV1MGhEGJP,https://whop.com/checkout/plan_wj3QaqlrJ2i39
prod_cj_0110,prod_UEP7R42oRcvo8,https://whop.com/checkout/plan_CHyhO1u0hgw3c
prod_cj_0114,prod_1nMViJqzSqymi,https://whop.com/checkout/plan_URrZwyGULIT05
prod_cj_0115,prod_txupwzYayK9V5,https://whop.com/checkout/plan_2l1AN3lqpjvEp
prod_cj_0188,prod_0AOYO5Em0206D,https://whop.com/checkout/plan_UdMfWllvYNpo7
prod_cj_0194,prod_XP2uKtCESqOGN,https://whop.com/checkout/plan_ImW7Gk44VMm58
prod_lumina_pad,prod_GyRl5qIsZB3bK,https://whop.com/checkout/plan_2ZIpK1WbS6w1y
