Internal_Product_ID,Product_Name,Category,Price_USD,Compare_Price_USD,SKU,Stock_Quantity,Image_URL,Description
prod_apex_audio,Sphere Spatial Studio Active Noise-Cancelling Earbuds,Audio & Headphones,129.00,174.15,NYX-AUD-SPH01,41,https://images.unsplash.com/photo-1590658268037-6bf12165a8df?w=800&auto=format&fit=crop&q=80,"Studio-calibrated wireless acoustic earbuds with active hybrid noise cancellation (ANC -45dB), beryllium drivers, and low-latency lossless LDAC Bluetooth 5.4 streaming. Packed in a brushed zinc alloy charging case."
prod_cj_0001,7-inch Car Monitor Desktop Reversing Monitor Display,Automotive & Travel,31.30,42.26,CJ-240924035057,85,"https://oss-cf.cjdropshipping.com/product/2024/09/25/06/63a50c1b-7c38-4ce8-9660-d2b9c920b167_fine.jpeg?x-oss-process=image/format,webp,image/resize,m_fill,m_pad,w_250,h_250",Genuine precision 7-inch Car Monitor Desktop Reversing Monitor Display. Manufactured for tactile durability and seamless workspace integration.
prod_cj_0002,Car Display AP-1 Car HUD Head-up Display OBD GPS Driving Computer Code,Automotive & Travel,65.40,88.29,CJ-140968771564,85,"https://cf.cjdropshipping.com/5f125b7d-4eb6-421f-89ff-d6e68835be10.png?x-oss-process=image/format,webp,image/resize,m_fill,m_pad,w_250,h_250",Genuine precision Car Display AP-1 Car HUD Head-up Display OBD GPS Driving Computer Code. Manufactured for tactile durability and seamless workspace integration.
prod_cj_0003,Aluminum Alloy Computer Monitor Increase Rack Desktop Storage Bracket Notebook Desktop Computer,Workspace & Desk Accessories,81.86,110.51,CJ-137383360674,85,"https://cf.cjdropshipping.com/1616382186663.jpg?x-oss-process=image/format,webp,image/resize,m_fill,m_pad,w_250,h_250",Genuine precision Aluminum Alloy Computer Monitor Increase Rack Desktop Storage Bracket Notebook Desktop Computer. Manufactured for tactile durability and seamless workspace integration.
prod_cj_0005,H198 HD Six-light Infrared Night Vision Recorder Classic Popular Aircraft Nose Traffic,Automotive & Travel,16.64,22.46,CJ-162820687768,85,"https://cc-west-usa.oss-accelerate.aliyuncs.com/5ec66f93-8577-4a97-9e2f-fe8478f6ee60.png?x-oss-process=image/format,webp,image/resize,m_fill,m_pad,w_250,h_250",Genuine precision H198 HD Six-light Infrared Night Vision Recorder Classic Popular Aircraft Nose Traffic. Manufactured for tactile durability and seamless workspace integration.
prod_cj_0006,LED sensor light bar,Lighting & Ambience,12.72,17.17,CJ-10A2E8CF-227,85,"https://cf.cjdropshipping.com/15944832/1006442521780.jpg?x-oss-process=image/format,webp,image/resize,m_fill,m_pad,w_250,h_250",Genuine precision LED sensor light bar. Manufactured for tactile durability and seamless workspace integration.
prod_cj_0007,Computer Video Light Mobile Phone Selfie Fill Light,Lighting & Ambience,4.16,5.62,CJ-240615114414,85,"https://cf.cjdropshipping.com/quick/product/9b97b98f-5b0e-42a5-9814-5d51335c4486.jpg?x-oss-process=image/format,webp,image/resize,m_fill,m_pad,w_250,h_250",Genuine precision Computer Video Light Mobile Phone Selfie Fill Light. Manufactured for tactile durability and seamless workspace integration.
prod_cj_0008,Party Computer Game Desktop Atmosphere Light,Lighting & Ambience,19.80,26.73,CJ-240611063715,85,"https://oss-cf.cjdropshipping.com/product/2024/06/11/06/fe66318f-54ef-4ab9-9137-524bbb825f22_trans.jpeg?x-oss-process=image/format,webp,image/resize,m_fill,m_pad,w_250,h_250",Genuine precision Party Computer Game Desktop Atmosphere Light. Manufactured for tactile durability and seamless workspace integration.
prod_cj_0009,Led Rechargeable Bar Table Lamp Quiet Bar Service Script Light,Lighting & Ambience,11.28,15.23,CJ-250828014349,85,"https://oss-cf.cjdropshipping.com/product/2025/08/28/01/372ac4f5-04bb-4822-85ef-93e93d193f55_trans.jpeg?x-oss-process=image/format,webp,image/resize,m_fill,m_pad,w_250,h_250",Genuine precision Led Rechargeable Bar Table Lamp Quiet Bar Service Script Light. Manufactured for tactile durability and seamless workspace integration.
prod_cj_0010,Modeling Neon Light Luminous Character Billboard Creative Light Bar,Lighting & Ambience,19.44,26.24,CJ-250111015549,85,"https://oss-cf.cjdropshipping.com/product/2025/01/11/01/c7d2354e-c34e-4e21-b1bc-a9872d21c268_trans.jpeg?x-oss-process=image/format,webp,image/resize,m_fill,m_pad,w_250,h_250",Genuine precision Modeling Neon Light Luminous Character Billboard Creative Light Bar. Manufactured for tactile durability and seamless workspace integration.
prod_cj_0011,Multifunctional Folding Book Light Battery Night Light Creative Learning Bedside Light,Lighting & Ambience,9.72,13.12,CJ-138577019918,85,"https://cc-west-usa.oss-accelerate.aliyuncs.com/1619228177895.jpg?x-oss-process=image/format,webp,image/resize,m_fill,m_pad,w_250,h_250",Genuine precision Multifunctional Folding Book Light Battery Night Light Creative Learning Bedside Light. Manufactured for tactile durability and seamless workspace integration.
prod_cj_0012,Sewing Machine Light Strip Touch Sensitive Dimming LED Light Bar,Lighting & Ambience,31.97,43.16,CJ-0BA7B552-667,85,"https://cc-west-usa.oss-accelerate.aliyuncs.com/20190620/3519121044737.png?x-oss-process=image/format,webp,image/resize,m_fill,m_pad,w_250,h_250",Genuine precision Sewing Machine Light Strip Touch Sensitive Dimming LED Light Bar. Manufactured for tactile durability and seamless workspace integration.
prod_cj_0013,US Solar Camera Low Power Monitor Dual Lens Monitor,"Home, Wellness & Lifestyle",11.28,15.23,CJ-250816085207,85,https://frontend-cf.cjdropshipping.com/config-resource/cj/img_default.jpeg,Genuine precision US Solar Camera Low Power Monitor Dual Lens Monitor. Manufactured for tactile durability and seamless workspace integration.
prod_cj_0014,Usb Computer Web Camera 1080P Fill Light Beauty Uvc Songhan Pc Camera,Workspace & Desk Accessories,22.27,30.06,CJ-138722009145,85,"https://cf.cjdropshipping.com/1619573801485.jpg?x-oss-process=image/format,webp,image/resize,m_fill,m_pad,w_250,h_250",Genuine precision Usb Computer Web Camera 1080P Fill Light Beauty Uvc Songhan Pc Camera. Manufactured for tactile durability and seamless workspace integration.
prod_cj_0015,LED Linear Light Embedded Aluminum Lamp Slot U-shaped Alloy Linear Light Bar,Lighting & Ambience,6.32,8.53,CJ-250805073945,85,https://frontend-cf.cjdropshipping.com/config-resource/cj/img_default.jpeg,Genuine precision LED Linear Light Embedded Aluminum Lamp Slot U-shaped Alloy Linear Light Bar. Manufactured for tactile durability and seamless workspace integration.
prod_cj_0016,English and Russian bilingual speed measuring radar electronic dog,Automotive & Travel,27.74,37.45,CJ-1BAF9F05-ABB,85,"https://cc-west-usa.oss-accelerate.aliyuncs.com/2061/3311529998911.jpg?x-oss-process=image/format,webp,image/resize,m_fill,m_pad,w_250,h_250",Genuine precision English and Russian bilingual speed measuring radar electronic dog. Manufactured for tactile durability and seamless workspace integration.
prod_cj_0017,Head-up Display Gps High-definition Speed Water Temperature Turbine Monitoring,Automotive & Travel,76.94,103.87,CJ-138009453696,85,https://frontend-cf.cjdropshipping.com/config-resource/cj/img_default.jpeg,Genuine precision Head-up Display Gps High-definition Speed Water Temperature Turbine Monitoring. Manufactured for tactile durability and seamless workspace integration.
prod_cj_0018,New Original Podofo A1 Mini Car DVR Camera DASH CAM Full HD,Automotive & Travel,15.08,20.36,CJ-1F8D1B20-6FE,85,"https://cf.cjdropshipping.com/20180907/2175215957062.png?x-oss-process=image/format,webp,image/resize,m_fill,m_pad,w_250,h_250",Genuine precision New Original Podofo A1 Mini Car DVR Camera DASH CAM Full HD. Manufactured for tactile durability and seamless workspace integration.
prod_cj_0020,Led super large shiny mouse pad,Keyboards & Peripherals,11.88,16.04,CJ-361DD967-321,85,"https://cc-west-usa.oss-accelerate.aliyuncs.com/15667488/255114328625.jpg?x-oss-process=image/format,webp,image/resize,m_fill,m_pad,w_250,h_250",Genuine precision Led super large shiny mouse pad. Manufactured for tactile durability and seamless workspace integration.
prod_cj_0021,Table Pad Line Gaming Mouse Mat,Keyboards & Peripherals,3.12,4.21,CJ-179538909915,85,"https://cf.cjdropshipping.com/quick/product/fff91767-b838-4380-ac8b-8d7da18c7842.jpg?x-oss-process=image/format,webp,image/resize,m_fill,m_pad,w_250,h_250",Genuine precision Table Pad Line Gaming Mouse Mat. Manufactured for tactile durability and seamless workspace integration.
prod_cj_0022,Competitive Gaming Office Waterproof Mouse Pad,Keyboards & Peripherals,23.46,31.67,CJ-138720512307,85,"https://cc-west-usa.oss-accelerate.aliyuncs.com/1619570240083.jpg?x-oss-process=image/format,webp,image/resize,m_fill,m_pad,w_250,h_250",Genuine precision Competitive Gaming Office Waterproof Mouse Pad. Manufactured for tactile durability and seamless workspace integration.
prod_cj_0023,Men's leather washed leather jacket,Apparel & Outerwear,52.11,70.35,CJ-B949E2ED-0D5,85,"https://cf.cjdropshipping.com/20200904/362915314679.jpg?x-oss-process=image/format,webp,image/resize,m_fill,m_pad,w_250,h_250",Genuine precision Men's leather washed leather jacket. Manufactured for tactile durability and seamless workspace integration.
prod_cj_0024,Mouse Pad Oversized Stain-resistant Office Non-slip,Keyboards & Peripherals,5.40,7.29,CJ-240623023647,85,"https://cf.cjdropshipping.com/quick/product/a7b3e45b-204b-43dc-b01f-3530df399250.jpg?x-oss-process=image/format,webp,image/resize,m_fill,m_pad,w_250,h_250",Genuine precision Mouse Pad Oversized Stain-resistant Office Non-slip. Manufactured for tactile durability and seamless workspace integration.
prod_cj_0025,Notebook Computer Liner Bag Mouse Pad Protective Holster,Keyboards & Peripherals,17.68,23.87,CJ-141010349146,85,"https://cf.cjdropshipping.com/2befe572-190b-4454-ad31-de385227d370.jpg?x-oss-process=image/format,webp,image/resize,m_fill,m_pad,w_250,h_250",Genuine precision Notebook Computer Liner Bag Mouse Pad Protective Holster. Manufactured for tactile durability and seamless workspace integration.
prod_cj_0026,Cat Scratching Board Mouse Sisal Cat Scratching Pad,Keyboards & Peripherals,9.00,12.15,CJ-139847403875,85,"https://cf.cjdropshipping.com/1622256924927.jpg?x-oss-process=image/format,webp,image/resize,m_fill,m_pad,w_250,h_250",Genuine precision Cat Scratching Board Mouse Sisal Cat Scratching Pad. Manufactured for tactile durability and seamless workspace integration.
prod_cj_0027,Popular Motorcycle Leather Men's Leather Clothing,Apparel & Outerwear,35.01,47.26,CJ-250105065741,85,"https://cf.cjdropshipping.com/quick/product/a4cf466b-a3a8-4825-a02d-7e99df8d8002.jpg?x-oss-process=image/format,webp,image/resize,m_fill,m_pad,w_250,h_250",Genuine precision Popular Motorcycle Leather Men's Leather Clothing. Manufactured for tactile durability and seamless workspace integration.
prod_cj_0028,Stand-up collar leather padded leather jacket,Apparel & Outerwear,22.91,30.93,CJ-EFA82799-2ED,85,"https://cf.cjdropshipping.com/2059/466847051344.jpg?x-oss-process=image/format,webp,image/resize,m_fill,m_pad,w_250,h_250",Genuine precision Stand-up collar leather padded leather jacket. Manufactured for tactile durability and seamless workspace integration.
prod_cj_0029,Women's Faux Leather Retro Biker's Leather Coat,Apparel & Outerwear,45.00,60.75,CJ-240831054606,85,"https://cf.cjdropshipping.com/quick/product/c3600e37-08b5-4d6a-ab5f-cb6d1ce0f004.jpg?x-oss-process=image/format,webp,image/resize,m_fill,m_pad,w_250,h_250",Genuine precision Women's Faux Leather Retro Biker's Leather Coat. Manufactured for tactile durability and seamless workspace integration.
prod_cj_0030,Spring Leather Men's Slim Stand Collar Leather Jacket,Apparel & Outerwear,116.37,157.10,CJ-136955115932,85,"https://cc-west-usa.oss-accelerate.aliyuncs.com/1615361127449.jpg?x-oss-process=image/format,webp,image/resize,m_fill,m_pad,w_250,h_250",Genuine precision Spring Leather Men's Slim Stand Collar Leather Jacket. Manufactured for tactile durability and seamless workspace integration.
prod_cj_0031,"Large Mouse Pad, Gaming Gaming, Colorful Seaming, Waterproof Cloth",Keyboards & Peripherals,16.77,22.64,CJ-140181043699,85,"https://cc-west-usa.oss-accelerate.aliyuncs.com/1623052378775.jpg?x-oss-process=image/format,webp,image/resize,m_fill,m_pad,w_250,h_250","Genuine precision Large Mouse Pad, Gaming Gaming, Colorful Seaming, Waterproof Cloth. Manufactured for tactile durability and seamless workspace integration."
prod_cj_0032,Crossbody Multifunctional Wallet Leather Case IP16 Card-inserting Leather Case,Apparel & Outerwear,25.38,34.26,CJ-241226145640,85,"https://cf.cjdropshipping.com/quick/product/8c5c0155-a717-4545-b960-ca6e8cb56f5e.jpg?x-oss-process=image/format,webp,image/resize,m_fill,m_pad,w_250,h_250",Genuine precision Crossbody Multifunctional Wallet Leather Case IP16 Card-inserting Leather Case. Manufactured for tactile durability and seamless workspace integration.
prod_cj_0033,Men's Leather Jacket Men's Youth Loose Lapel Workwear Pu Leather Jacket,Apparel & Outerwear,29.18,39.39,CJ-135725479757,85,"https://cf.cjdropshipping.com/1612429335171.jpg?x-oss-process=image/format,webp,image/resize,m_fill,m_pad,w_250,h_250",Genuine precision Men's Leather Jacket Men's Youth Loose Lapel Workwear Pu Leather Jacket. Manufactured for tactile durability and seamless workspace integration.
prod_cj_0034,Loose Leather Jacket Motorcycle Female,Apparel & Outerwear,17.95,24.23,CJ-240621082419,85,"https://cf.cjdropshipping.com/quick/product/33345214-1df0-40eb-92c4-4a6148ea3ee5.jpg?x-oss-process=image/format,webp,image/resize,m_fill,m_pad,w_250,h_250",Genuine precision Loose Leather Jacket Motorcycle Female. Manufactured for tactile durability and seamless workspace integration.
prod_cj_0035,Pure Cowhide Biker's Leather Jacket,Apparel & Outerwear,164.77,222.44,CJ-240705043827,85,"https://cf.cjdropshipping.com/quick/product/5b3ff548-f46f-479e-b7a7-e0f13a02ed20.jpg?x-oss-process=image/format,webp,image/resize,m_fill,m_pad,w_250,h_250",Genuine precision Pure Cowhide Biker's Leather Jacket. Manufactured for tactile durability and seamless workspace integration.
prod_cj_0036,"Laptop Phone Holder, Adjustable Laptop Side Mount Clip, Magnetic Laptop Monitor Mount,",Workspace & Desk Accessories,23.49,31.71,CJ-172972363435,85,"https://cf.cjdropshipping.com/679f3121-b2a5-4252-81d9-ec1d6cddb53c.jpg?x-oss-process=image/format,webp,image/resize,m_fill,m_pad,w_250,h_250","Genuine precision Laptop Phone Holder, Adjustable Laptop Side Mount Clip, Magnetic Laptop Monitor Mount,. Manufactured for tactile durability and seamless workspace integration."
prod_cj_0037,Laptop Stand Desktop Aluminum Alloy Heat Dissipation,Workspace & Desk Accessories,37.15,50.15,CJ-250827072721,85,"https://oss-cf.cjdropshipping.com/product/2025/08/27/07/c6dd32ec-9db3-49ab-be25-e95e502582bb_trans.jpeg?x-oss-process=image/format,webp,image/resize,m_fill,m_pad,w_250,h_250",Genuine precision Laptop Stand Desktop Aluminum Alloy Heat Dissipation. Manufactured for tactile durability and seamless workspace integration.
prod_cj_0038,New Laptop Stand Multifunctional Folding Lift Portable Laptop Stand Monitor Increase Rack,Workspace & Desk Accessories,37.82,51.06,CJ-DCB495CC-80F,85,"https://oss-cf.cjdropshipping.com/product/2024/03/21/07/93a7bc1e-4fa2-4744-b123-5913cde779b0.jpg?x-oss-process=image/format,webp,image/resize,m_fill,m_pad,w_250,h_250",Genuine precision New Laptop Stand Multifunctional Folding Lift Portable Laptop Stand Monitor Increase Rack. Manufactured for tactile durability and seamless workspace integration.
prod_cj_0039,Foldable laptop stand,Workspace & Desk Accessories,12.40,16.74,CJ-4C56FFFA-399,85,"https://cc-west-usa.oss-us-west-1.aliyuncs.com/20200301/649667129707.jpg?x-oss-process=image/format,webp,image/resize,m_fill,m_pad,w_250,h_250",Genuine precision Foldable laptop stand. Manufactured for tactile durability and seamless workspace integration.
prod_cj_0040,Car Dining Table Rear Seat Folding Rice Table Laptop Stand,Automotive & Travel,50.11,67.65,CJ-240617100019,85,"https://cf.cjdropshipping.com/quick/product/1f1819b9-7138-4048-8bbf-542dc46d91b0.jpg?x-oss-process=image/format,webp,image/resize,m_fill,m_pad,w_250,h_250",Genuine precision Car Dining Table Rear Seat Folding Rice Table Laptop Stand. Manufactured for tactile durability and seamless workspace integration.
prod_cj_0042,15W 3 In 1 LED Fast Wireless Charger Stand Foldable Charging Station,Smart Gear & Power,18.12,24.46,CJ-240830071622,85,"https://oss-cf.cjdropshipping.com/product/2024/09/19/06/de329d46-5fbb-4564-ab7a-45fe417fdaed.jpg?x-oss-process=image/format,webp,image/resize,m_fill,m_pad,w_250,h_250",Genuine precision 15W 3 In 1 LED Fast Wireless Charger Stand Foldable Charging Station. Manufactured for tactile durability and seamless workspace integration.
prod_cj_0043,"Compatible with Apple , 3-in-1 Wireless Charger",Smart Gear & Power,31.49,42.51,CJ-9EC48B24-A97,85,"https://cc-west-usa.oss-accelerate.aliyuncs.com/20190319/2491014586587.png?x-oss-process=image/format,webp,image/resize,m_fill,m_pad,w_250,h_250","Genuine precision Compatible with Apple , 3-in-1 Wireless Charger. Manufactured for tactile durability and seamless workspace integration."
prod_cj_0044,Plastic 3 In 1 Wireless Charger Stand Fast,Smart Gear & Power,13.40,18.09,CJ-158895340166,85,"https://cf.cjdropshipping.com/3b91f8f1-50bf-40dd-b1bc-cae6fb469ff5.jpg?x-oss-process=image/format,webp,image/resize,m_fill,m_pad,w_250,h_250",Genuine precision Plastic 3 In 1 Wireless Charger Stand Fast. Manufactured for tactile durability and seamless workspace integration.
prod_cj_0045,Three-in-one Vertical Magnetic Wireless Portable Wireless Charger,Smart Gear & Power,34.50,46.58,CJ-250528095439,85,"https://oss-cf.cjdropshipping.com/product/2025/05/28/09/20c2a684-652f-492a-be40-10cb44a1c3b7_fine.jpeg?x-oss-process=image/format,webp,image/resize,m_fill,m_pad,w_250,h_250",Genuine precision Three-in-one Vertical Magnetic Wireless Portable Wireless Charger. Manufactured for tactile durability and seamless workspace integration.
prod_cj_0046,Transparent Folding Magnetic Three-in-one Wireless Charger,Smart Gear & Power,34.50,46.58,CJ-240801030330,85,"https://oss-cf.cjdropshipping.com/product/2024/08/02/03/1f0ae125-3edb-4c07-bad3-26445d4c9fee_fine.jpeg?x-oss-process=image/format,webp,image/resize,m_fill,m_pad,w_250,h_250",Genuine precision Transparent Folding Magnetic Three-in-one Wireless Charger. Manufactured for tactile durability and seamless workspace integration.
prod_cj_0047,Three-in-one Basketball Magnetic Wireless Charger,Smart Gear & Power,164.89,222.60,CJ-250107030254,85,"https://oss-cf.cjdropshipping.com/product/2025/01/07/03/b15214e9-6783-4b19-842b-2e7ebf98afdb_trans.jpeg?x-oss-process=image/format,webp,image/resize,m_fill,m_pad,w_250,h_250",Genuine precision Three-in-one Basketball Magnetic Wireless Charger. Manufactured for tactile durability and seamless workspace integration.
prod_cj_0048,Folding Magnetic Three-in-one Wireless Charger,Smart Gear & Power,38.75,52.31,CJ-179610352237,85,"https://oss-cf.cjdropshipping.com/product/2024/05/30/08/986e7971-1499-4c4d-bf28-b14fefaf8b3d_trans.jpeg?x-oss-process=image/format,webp,image/resize,m_fill,m_pad,w_250,h_250",Genuine precision Folding Magnetic Three-in-one Wireless Charger. Manufactured for tactile durability and seamless workspace integration.
prod_cj_0049,Three-in-one Wireless Charger Electrical Foldable Double Wire Ambience Light Mobile Phone Wireless,Smart Gear & Power,12.80,17.28,CJ-158699090974,85,"https://cf.cjdropshipping.com/409d441f-542c-4639-9162-281be030d92b.jpg?x-oss-process=image/format,webp,image/resize,m_fill,m_pad,w_250,h_250",Genuine precision Three-in-one Wireless Charger Electrical Foldable Double Wire Ambience Light Mobile Phone Wireless. Manufactured for tactile durability and seamless workspace integration.
prod_cj_0050,3 IN 1 Magnetic Folding Wireless Charger Station For IPhone Transparent Fast,Smart Gear & Power,63.97,86.36,CJ-165576849458,85,"https://cf.cjdropshipping.com/eba5f6e8-9b22-4d3d-aa8e-9b7856b4b22f.png?x-oss-process=image/format,webp,image/resize,m_fill,m_pad,w_250,h_250",Genuine precision 3 IN 1 Magnetic Folding Wireless Charger Station For IPhone Transparent Fast. Manufactured for tactile durability and seamless workspace integration.
prod_cj_0051,Folding Three-in-one Wireless Charger Portable Magnetic Suction,Smart Gear & Power,25.41,34.30,CJ-173920976558,85,"https://oss-cf.cjdropshipping.com/product/2024/03/04/05/e56db74e-e289-4604-a992-815283800025.jpg?x-oss-process=image/format,webp,image/resize,m_fill,m_pad,w_250,h_250",Genuine precision Folding Three-in-one Wireless Charger Portable Magnetic Suction. Manufactured for tactile durability and seamless workspace integration.
prod_cj_0052,Magnetic Three-in-one 15W Wireless Charger With Clock,Smart Gear & Power,24.42,32.97,CJ-240718080208,85,"https://oss-cf.cjdropshipping.com/product/2024/07/19/05/88087108-8245-4aa8-8ce2-0a164d67716d_fine.jpeg?x-oss-process=image/format,webp,image/resize,m_fill,m_pad,w_250,h_250",Genuine precision Magnetic Three-in-one 15W Wireless Charger With Clock. Manufactured for tactile durability and seamless workspace integration.
prod_cj_0053,Magnetic Portable Smart Watch Wireless Charger,Watches & Timepieces,16.10,21.74,CJ-241213095523,85,"https://cf.cjdropshipping.com/quick/product/43df5acc-acb7-4890-ade6-2763cb6bd5a4.jpg?x-oss-process=image/format,webp,image/resize,m_fill,m_pad,w_250,h_250",Genuine precision Magnetic Portable Smart Watch Wireless Charger. Manufactured for tactile durability and seamless workspace integration.
prod_cj_0054,Portable Wireless Charger Folding Magnetic,Smart Gear & Power,30.78,41.55,CJ-241229021035,85,"https://oss-cf.cjdropshipping.com/product/2024/12/29/02/3833f717-d69f-48e2-a2ac-177a63311598_trans.jpeg?x-oss-process=image/format,webp,image/resize,m_fill,m_pad,w_250,h_250",Genuine precision Portable Wireless Charger Folding Magnetic. Manufactured for tactile durability and seamless workspace integration.
prod_cj_0055,Creative Portable Folding Ring Two-in-one Magnetic Wireless Charger,Smart Gear & Power,32.48,43.85,CJ-240718082421,85,"https://cf.cjdropshipping.com/quick/product/07d7e2c7-03b5-427c-90cf-81ea4a34cfa8.jpg?x-oss-process=image/format,webp,image/resize,m_fill,m_pad,w_250,h_250",Genuine precision Creative Portable Folding Ring Two-in-one Magnetic Wireless Charger. Manufactured for tactile durability and seamless workspace integration.
prod_cj_0056,Three in one wireless charger,Smart Gear & Power,21.12,28.51,CJ-981CED52-CDF,85,"https://cf.cjdropshipping.com/20200914/1817043679414.png?x-oss-process=image/format,webp,image/resize,m_fill,m_pad,w_250,h_250",Genuine precision Three in one wireless charger. Manufactured for tactile durability and seamless workspace integration.
prod_cj_0057,Qi2 Protocol Magnetic Touch Rotating Wireless Charger,Smart Gear & Power,134.14,181.09,CJ-240830061037,85,"https://oss-cf.cjdropshipping.com/product/2024/08/30/06/32ffd603-e4b4-40bd-ab14-75deee2995d0_trans.jpeg?x-oss-process=image/format,webp,image/resize,m_fill,m_pad,w_250,h_250",Genuine precision Qi2 Protocol Magnetic Touch Rotating Wireless Charger. Manufactured for tactile durability and seamless workspace integration.
prod_cj_0058,Mobile Phone Watch Headset Three-in-one Magnetic Rotating Wireless Charger,Watches & Timepieces,56.69,76.53,CJ-179353184921,85,"https://cf.cjdropshipping.com/quick/product/2d871aca-3341-4362-9861-7a3de083d777.jpg?x-oss-process=image/format,webp,image/resize,m_fill,m_pad,w_250,h_250",Genuine precision Mobile Phone Watch Headset Three-in-one Magnetic Rotating Wireless Charger. Manufactured for tactile durability and seamless workspace integration.
prod_cj_0059,540 Rotate Luminous Magnetic Cable 3A Fast Charging Mobile Phone Charge Cable,Smart Gear & Power,6.92,9.34,CJ-138442833705,85,"https://cf.cjdropshipping.com/102b8c56-db9d-44e5-95b9-0478f7761629.jpg?x-oss-process=image/format,webp,image/resize,m_fill,m_pad,w_250,h_250",Genuine precision 540 Rotate Luminous Magnetic Cable 3A Fast Charging Mobile Phone Charge Cable. Manufactured for tactile durability and seamless workspace integration.
prod_cj_0060,USB Type C To USB C Cable 100W 66W Fast Charging,Smart Gear & Power,7.56,10.21,CJ-162029612267,85,"https://cc-west-usa.cjdropshipping.com/aae125ab-f367-454d-baee-55121cfa121b.jpg?x-oss-process=image/format,webp,image/resize,m_fill,m_pad,w_250,h_250",Genuine precision USB Type C To USB C Cable 100W 66W Fast Charging. Manufactured for tactile durability and seamless workspace integration.
prod_cj_0061,Braided Nylon Usb Type-C Usb-C Data Cable For Fast Charging And Data,Smart Gear & Power,31.97,43.16,CJ-137636475456,85,"https://cc-west-usa.oss-accelerate.aliyuncs.com/1616985474298.jpg?x-oss-process=image/format,webp,image/resize,m_fill,m_pad,w_250,h_250",Genuine precision Braided Nylon Usb Type-C Usb-C Data Cable For Fast Charging And Data. Manufactured for tactile durability and seamless workspace integration.
prod_cj_0062,Slingshot Aluminum Alloy Type-c Cellphone Charging & Data Cable Applicable Tyc Data,Smart Gear & Power,4.36,5.89,CJ-240615095859,85,"https://cf.cjdropshipping.com/quick/product/71ac4562-2537-4a01-bb2b-9d1e61d935ea.jpg?x-oss-process=image/format,webp,image/resize,m_fill,m_pad,w_250,h_250",Genuine precision Slingshot Aluminum Alloy Type-c Cellphone Charging & Data Cable Applicable Tyc Data. Manufactured for tactile durability and seamless workspace integration.
prod_cj_0063,Digital Display Double Type-c Fast Charging Mobile Phone Data Cable,Smart Gear & Power,5.60,7.56,CJ-250104033917,85,"https://oss-cf.cjdropshipping.com/product/2025/01/04/03/bb451890-7dfa-4232-be2d-e4dc387f09a4_trans.jpeg?x-oss-process=image/format,webp,image/resize,m_fill,m_pad,w_250,h_250",Genuine precision Digital Display Double Type-c Fast Charging Mobile Phone Data Cable. Manufactured for tactile durability and seamless workspace integration.
prod_cj_0064,"Compatible With , Rogue Dog Data Cable Type C For Android Sport",Smart Gear & Power,11.48,15.50,CJ-8A06779A-4C8,85,"https://cf.cjdropshipping.com/1620293553721.jpg?x-oss-process=image/format,webp,image/resize,m_fill,m_pad,w_250,h_250","Genuine precision Compatible With , Rogue Dog Data Cable Type C For Android Sport. Manufactured for tactile durability and seamless workspace integration."
prod_cj_0065,New High-density Braided Flash Charging Data Cable Dual Type-c Charger,Smart Gear & Power,15.00,20.25,CJ-138179209196,85,"https://cc-west-usa.cjdropshipping.com/1618312538944.jpg?x-oss-process=image/format,webp,image/resize,m_fill,m_pad,w_250,h_250",Genuine precision New High-density Braided Flash Charging Data Cable Dual Type-c Charger. Manufactured for tactile durability and seamless workspace integration.
prod_cj_0066,"Compatible with Apple , Type-C Liquid Soft Rubber Data Cable For Android",Smart Gear & Power,2.20,2.97,CJ-143191935247,85,"https://cc-west-usa.oss-accelerate.aliyuncs.com/a1195926-6073-473f-8f98-6edb900e88fc.jpg?x-oss-process=image/format,webp,image/resize,m_fill,m_pad,w_250,h_250","Genuine precision Compatible with Apple , Type-C Liquid Soft Rubber Data Cable For Android. Manufactured for tactile durability and seamless workspace integration."
prod_cj_0067,"Compatible with Apple, Compatible with Apple , PD100W Dual-head Type-c Fast Charge",Smart Gear & Power,6.24,8.42,CJ-139998889497,85,https://frontend-cf.cjdropshipping.com/config-resource/cj/img_default.jpeg,"Genuine precision Compatible with Apple, Compatible with Apple , PD100W Dual-head Type-c Fast Charge. Manufactured for tactile durability and seamless workspace integration."
prod_cj_0068,Magnetic Cable LED Magnet Charger Cable USB Cable & USB Type-C USB,Smart Gear & Power,3.96,5.35,CJ-461C62AD-6DD,85,"https://cc-west-usa.oss-accelerate.aliyuncs.com/20190511/2811275030690.jpg?x-oss-process=image/format,webp,image/resize,m_fill,m_pad,w_250,h_250",Genuine precision Magnetic Cable LED Magnet Charger Cable USB Cable & USB Type-C USB. Manufactured for tactile durability and seamless workspace integration.
prod_cj_0069,Micro Usb Cable White Charging Cable,Smart Gear & Power,10.96,14.80,CJ-160545188224,85,https://frontend-cf.cjdropshipping.com/config-resource/cj/img_default.jpeg,Genuine precision Micro Usb Cable White Charging Cable. Manufactured for tactile durability and seamless workspace integration.
prod_cj_0070,3.1A Fast Charging USB Cable,Smart Gear & Power,31.97,43.16,CJ-3104D239-C4B,85,"https://oss-cf.cjdropshipping.com/product/2025/11/16/02/ab029e3d-1510-407d-9b99-c8a44ec302ed_trans.jpeg?x-oss-process=image/format,webp,image/resize,m_fill,m_pad,w_250,h_250",Genuine precision 3.1A Fast Charging USB Cable. Manufactured for tactile durability and seamless workspace integration.
prod_cj_0071,Power Vibration Data Cable Magnetic Suction Charging Cable,Smart Gear & Power,70.60,95.31,CJ-250829075904,85,"https://oss-cf.cjdropshipping.com/product/2025/08/29/07/64ec02ab-3b24-4fe2-bb3e-43240b9f4506.jpg?x-oss-process=image/format,webp,image/resize,m_fill,m_pad,w_250,h_250",Genuine precision Power Vibration Data Cable Magnetic Suction Charging Cable. Manufactured for tactile durability and seamless workspace integration.
prod_cj_0072,10in 1 Universal USB Charging Sync Data Cable,Smart Gear & Power,3.72,5.02,CJ-8A32B09C-CFA,85,https://frontend-cf.cjdropshipping.com/config-resource/cj/img_default.jpeg,Genuine precision 10in 1 Universal USB Charging Sync Data Cable. Manufactured for tactile durability and seamless workspace integration.
prod_cj_0073,6A Double USB Type-C Cable 120W Fast Charge,Smart Gear & Power,2.64,3.56,CJ-250207072055,85,"https://oss-cf.cjdropshipping.com/product/2025/02/07/07/9ac1b1c5-4f0c-4451-b371-0a90d72645b5_trans.jpeg?x-oss-process=image/format,webp,image/resize,m_fill,m_pad,w_250,h_250",Genuine precision 6A Double USB Type-C Cable 120W Fast Charge. Manufactured for tactile durability and seamless workspace integration.
prod_cj_0074,Suitable For Ticwatch Pro Smart Watch Magnetic Charger Ticwatch Pro Magnetic Charging,Watches & Timepieces,9.92,13.39,CJ-138831115839,85,"https://cc-west-usa.oss-accelerate.aliyuncs.com/1619833842378.jpg?x-oss-process=image/format,webp,image/resize,m_fill,m_pad,w_250,h_250",Genuine precision Suitable For Ticwatch Pro Smart Watch Magnetic Charger Ticwatch Pro Magnetic Charging. Manufactured for tactile durability and seamless workspace integration.
prod_cj_0075,Car Model UAV 2S Lithium Battery Balance USB Charging Cable,Smart Gear & Power,5.68,7.67,CJ-250215022718,85,"https://oss-cf.cjdropshipping.com/product/2025/02/15/02/d1698e26-9aa9-4277-9b13-5be7c68c51d2_fine.jpeg?x-oss-process=image/format,webp,image/resize,m_fill,m_pad,w_250,h_250",Genuine precision Car Model UAV 2S Lithium Battery Balance USB Charging Cable. Manufactured for tactile durability and seamless workspace integration.
prod_cj_0076,Super Fast Charging Usb Single Head Mobile Phone Data Cable,Smart Gear & Power,2.04,2.75,CJ-7884A323-75C,85,"https://cc-west-usa.oss-accelerate.aliyuncs.com/20200920/1009265501235.jpg?x-oss-process=image/format,webp,image/resize,m_fill,m_pad,w_250,h_250",Genuine precision Super Fast Charging Usb Single Head Mobile Phone Data Cable. Manufactured for tactile durability and seamless workspace integration.
prod_cj_0077,Magnetic Wireless Portable Power Bank,Smart Gear & Power,41.44,55.94,CJ-135758700999,85,"https://cf.cjdropshipping.com/1612508751624.jpg?x-oss-process=image/format,webp,image/resize,m_fill,m_pad,w_250,h_250",Genuine precision Magnetic Wireless Portable Power Bank. Manufactured for tactile durability and seamless workspace integration.
prod_cj_0078,Magnetic Wireless Power Bank Mobile Power Supply,Smart Gear & Power,40.32,54.43,CJ-241023072851,85,"https://oss-cf.cjdropshipping.com/product/2024/10/23/07/3dbedc08-b14d-42db-bc0d-fbd2d1c44c30_trans.jpeg?x-oss-process=image/format,webp,image/resize,m_fill,m_pad,w_250,h_250",Genuine precision Magnetic Wireless Power Bank Mobile Power Supply. Manufactured for tactile durability and seamless workspace integration.
prod_cj_0079,Magnetic Wireless Power Bank Protective Hard Bag,Smart Gear & Power,7.12,9.61,CJ-240711013854,85,"https://cf.cjdropshipping.com/quick/product/8c5ba2e5-b0a0-417a-874a-89556057e818.jpg?x-oss-process=image/format,webp,image/resize,m_fill,m_pad,w_250,h_250",Genuine precision Magnetic Wireless Power Bank Protective Hard Bag. Manufactured for tactile durability and seamless workspace integration.
prod_cj_0080,Ultra-thin Magnetic Wireless Power Bank 5000 MA,Smart Gear & Power,52.11,70.35,CJ-250212095650,85,"https://oss-cf.cjdropshipping.com/product/2025/02/12/09/d08cfa7d-ef57-4984-8b5d-b2c692c2fec1_trans.jpeg?x-oss-process=image/format,webp,image/resize,m_fill,m_pad,w_250,h_250",Genuine precision Ultra-thin Magnetic Wireless Power Bank 5000 MA. Manufactured for tactile durability and seamless workspace integration.
prod_cj_0081,Wireless Bluetooth Keyboard Colorful PBT Keycaps Mechanical Keyboard,Keyboards & Peripherals,61.60,83.16,CJ-138441129781,85,"https://oss-cf.cjdropshipping.com/product/2024/12/31/07/9f791a62-66ff-42c5-90f3-0e85ee02f46b.jpg?x-oss-process=image/format,webp,image/resize,m_fill,m_pad,w_250,h_250",Genuine precision Wireless Bluetooth Keyboard Colorful PBT Keycaps Mechanical Keyboard. Manufactured for tactile durability and seamless workspace integration.
prod_cj_0082,Automatic mechanical pocket watch,Watches & Timepieces,34.50,46.58,CJ-B9F79B02-EA3,85,"https://cf.cjdropshipping.com/20200528/211855382897.png?x-oss-process=image/format,webp,image/resize,m_fill,m_pad,w_250,h_250",Genuine precision Automatic mechanical pocket watch. Manufactured for tactile durability and seamless workspace integration.
prod_cj_0083,Automatic Mechanical Casual Men's Watch Tourbillon,Watches & Timepieces,70.60,95.31,CJ-142210277670,85,"https://cf.cjdropshipping.com/abb8b0d7-04a0-4c14-b9bb-ef835fc0ff87.jpg?x-oss-process=image/format,webp,image/resize,m_fill,m_pad,w_250,h_250",Genuine precision Automatic Mechanical Casual Men's Watch Tourbillon. Manufactured for tactile durability and seamless workspace integration.
prod_cj_0084,Hollow automatic men's business mechanical watch,Watches & Timepieces,1535.17,2072.48,CJ-DCCD0955-097,85,"https://cf.cjdropshipping.com/20200914/29974971465.jpg?x-oss-process=image/format,webp,image/resize,m_fill,m_pad,w_250,h_250",Genuine precision Hollow automatic men's business mechanical watch. Manufactured for tactile durability and seamless workspace integration.
prod_cj_0085,Multifunctional Mechanical Men's Automatic Watrproof Watch,Watches & Timepieces,145.94,197.02,CJ-250818093918,85,"https://cf.cjdropshipping.com/quick/product/5eb42c80-ebb8-4ccf-9389-7abbfbb25d33.jpg?x-oss-process=image/format,webp,image/resize,m_fill,m_pad,w_250,h_250",Genuine precision Multifunctional Mechanical Men's Automatic Watrproof Watch. Manufactured for tactile durability and seamless workspace integration.
prod_cj_0086,Fashion Men's Automatic Mechanical Hollow Watch,Watches & Timepieces,52.77,71.24,CJ-144377815710,85,"https://cf.cjdropshipping.com/21fd7795-5dca-4f8f-8194-700fb6be7e88.jpg?x-oss-process=image/format,webp,image/resize,m_fill,m_pad,w_250,h_250",Genuine precision Fashion Men's Automatic Mechanical Hollow Watch. Manufactured for tactile durability and seamless workspace integration.
prod_cj_0087,Tourbillon multifunctional waterproof automatic mechanical watch,Watches & Timepieces,83.86,113.21,CJ-138479229654,85,"https://cf.cjdropshipping.com/1618994888928.jpg?x-oss-process=image/format,webp,image/resize,m_fill,m_pad,w_250,h_250",Genuine precision Tourbillon multifunctional waterproof automatic mechanical watch. Manufactured for tactile durability and seamless workspace integration.
prod_cj_0088,Mechanical watch men's watch business casual watch,Watches & Timepieces,108.46,146.42,CJ-5464826D-172,85,"https://cc-west-usa.oss-accelerate.aliyuncs.com/20180914/1287587721970.png?x-oss-process=image/format,webp,image/resize,m_fill,m_pad,w_250,h_250",Genuine precision Mechanical watch men's watch business casual watch. Manufactured for tactile durability and seamless workspace integration.
prod_cj_0089,Automatic Mechanical Watch Luminous Men's Watch Waterproof,Watches & Timepieces,551.20,744.12,CJ-179680279544,85,"https://cf.cjdropshipping.com/quick/product/2d56c8c8-ea38-40b7-aa44-54278f676097.jpg?x-oss-process=image/format,webp,image/resize,m_fill,m_pad,w_250,h_250",Genuine precision Automatic Mechanical Watch Luminous Men's Watch Waterproof. Manufactured for tactile durability and seamless workspace integration.
prod_cj_0090,Double-sided Hollow Automatic Men's Mechanical Watch,Watches & Timepieces,60.66,81.89,CJ-250818090312,85,"https://oss-cf.cjdropshipping.com/product/2025/08/18/09/81547b82-d78e-4eb2-b0c2-9b6210dcae9c_fine.jpeg?x-oss-process=image/format,webp,image/resize,m_fill,m_pad,w_250,h_250",Genuine precision Double-sided Hollow Automatic Men's Mechanical Watch. Manufactured for tactile durability and seamless workspace integration.
prod_cj_0091,Men's Casual Watch Fashion Automatic Square Hollow Mechanical Watch Watch,Watches & Timepieces,43.84,59.18,CJ-138333324741,85,"https://cc-west-usa.oss-accelerate.aliyuncs.com/1618657006096.png?x-oss-process=image/format,webp,image/resize,m_fill,m_pad,w_250,h_250",Genuine precision Men's Casual Watch Fashion Automatic Square Hollow Mechanical Watch Watch. Manufactured for tactile durability and seamless workspace integration.
prod_cj_0092,Multifunctional Bluetooth-compatible Headset Cleaning Pen Set Keyboard Cleaner Cleaning Tools Cleaner Keycap,Workspace & Desk Accessories,3.36,4.54,CJ-154208009218,85,"https://cf.cjdropshipping.com/9bb7f77c-ba3c-4bd9-9bdd-d4c2fa76cfe4.jpg?x-oss-process=image/format,webp,image/resize,m_fill,m_pad,w_250,h_250",Genuine precision Multifunctional Bluetooth-compatible Headset Cleaning Pen Set Keyboard Cleaner Cleaning Tools Cleaner Keycap. Manufactured for tactile durability and seamless workspace integration.
prod_cj_0093,ONE Handle Keyboard 2.4G Keyboard Wireless Keyboard Xboxone Chat Keyboard,Keyboards & Peripherals,23.10,31.19,CJ-C3797917-840,85,"https://cc-west-usa.oss-accelerate.aliyuncs.com/15590592/1336551298789.jpg?x-oss-process=image/format,webp,image/resize,m_fill,m_pad,w_250,h_250",Genuine precision ONE Handle Keyboard 2.4G Keyboard Wireless Keyboard Xboxone Chat Keyboard. Manufactured for tactile durability and seamless workspace integration.
prod_cj_0094,Keyboard gloves,Workspace & Desk Accessories,6.48,8.75,CJ-A919647A-822,85,"https://cc-west-usa.oss-us-west-1.aliyuncs.com/20200318/1721816993231.png?x-oss-process=image/format,webp,image/resize,m_fill,m_pad,w_250,h_250",Genuine precision Keyboard gloves. Manufactured for tactile durability and seamless workspace integration.
prod_cj_0095,RGB Keyboard Support Wristband High Rebound Luminous Machinery Keyboard Support,Keyboards & Peripherals,6.20,8.37,CJ-178307139504,85,"https://cf.cjdropshipping.com/quick/product/d5c921fb-a039-41ce-a643-30fd2b6f4d04.jpg?x-oss-process=image/format,webp,image/resize,m_fill,m_pad,w_250,h_250",Genuine precision RGB Keyboard Support Wristband High Rebound Luminous Machinery Keyboard Support. Manufactured for tactile durability and seamless workspace integration.
prod_cj_0096,Key Cap EOA Height PBT Material Heat Sublimation High Aesthetic Value,"Home, Wellness & Lifestyle",79.60,107.46,CJ-250724081516,85,"https://oss-cf.cjdropshipping.com/product/2025/07/24/08/e8e0b178-bdb3-4ef8-bb8e-6f801ff5a51e.jpeg?x-oss-process=image/format,webp,image/resize,m_fill,m_pad,w_250,h_250",Genuine precision Key Cap EOA Height PBT Material Heat Sublimation High Aesthetic Value. Manufactured for tactile durability and seamless workspace integration.
prod_cj_0097,8K Magnetic Shaft Machinery Keyboard Cable Keyboard Cable Aviation Incense Inserted Spring,Keyboards & Peripherals,21.22,28.65,CJ-250305120630,85,"https://cf.cjdropshipping.com/quick/product/ea93891c-10de-4188-8b47-418c76c4a474.jpg?x-oss-process=image/format,webp,image/resize,m_fill,m_pad,w_250,h_250",Genuine precision 8K Magnetic Shaft Machinery Keyboard Cable Keyboard Cable Aviation Incense Inserted Spring. Manufactured for tactile durability and seamless workspace integration.
prod_cj_0098,IPad Keyboard Air5air4 Magnetic Protective Sleeve,Keyboards & Peripherals,90.66,122.39,CJ-240608093923,85,"https://cf.cjdropshipping.com/quick/product/25448b35-e28c-4fbc-91d4-ac2bf56357db.jpg?x-oss-process=image/format,webp,image/resize,m_fill,m_pad,w_250,h_250",Genuine precision IPad Keyboard Air5air4 Magnetic Protective Sleeve. Manufactured for tactile durability and seamless workspace integration.
prod_cj_0099,"Stress Reducing Headphones, Children's Toy Headphones",Audio & Headphones,42.37,57.20,CJ-187143511836,85,"https://cf.cjdropshipping.com/53cbaf14-b189-403d-919f-d34232b037ce.jpg?x-oss-process=image/format,webp,image/resize,m_fill,m_pad,w_250,h_250","Genuine precision Stress Reducing Headphones, Children's Toy Headphones. Manufactured for tactile durability and seamless workspace integration."
prod_cj_0100,TUNE120TWS wireless music headphones,Audio & Headphones,27.84,37.58,CJ-8C71A3D7-AC0,85,"https://cc-west-usa.oss-accelerate.aliyuncs.com/20200708/1428098650339.png?x-oss-process=image/format,webp,image/resize,m_fill,m_pad,w_250,h_250",Genuine precision TUNE120TWS wireless music headphones. Manufactured for tactile durability and seamless workspace integration.
prod_cj_0101,LED flashing cat ear headphones,Audio & Headphones,38.46,51.92,CJ-C18AA15C-2E0,85,"https://cc-west-usa.oss-accelerate.aliyuncs.com/20200806/1084144593179.jpg?x-oss-process=image/format,webp,image/resize,m_fill,m_pad,w_250,h_250",Genuine precision LED flashing cat ear headphones. Manufactured for tactile durability and seamless workspace integration.
prod_cj_0102,Wireless Headset Foldable Extra Bass Headphones,Audio & Headphones,6.60,8.91,CJ-176019751350,85,"https://oss-cf.cjdropshipping.com/product/2024/02/21/06/c4fe4908-b7de-4918-83fe-d473ccc3b290_trans.jpeg?x-oss-process=image/format,webp,image/resize,m_fill,m_pad,w_250,h_250",Genuine precision Wireless Headset Foldable Extra Bass Headphones. Manufactured for tactile durability and seamless workspace integration.
prod_cj_0103,Wireless Bluetooth Translation Headphones Open Ear-mounted,Audio & Headphones,56.37,76.10,CJ-250120150305,85,"https://oss-cf.cjdropshipping.com/product/2025/01/20/15/fc97229a-f955-4ef9-ad08-29a56814515a.jpg?x-oss-process=image/format,webp,image/resize,m_fill,m_pad,w_250,h_250",Genuine precision Wireless Bluetooth Translation Headphones Open Ear-mounted. Manufactured for tactile durability and seamless workspace integration.
prod_cj_0104,"Wireless Bluetooth Headphones, Small, Portable, And Very Practical.",Audio & Headphones,42.59,57.50,CJ-190225669091,85,"https://cc-west-usa.oss-us-west-1.aliyuncs.com/d26d512a-5354-4840-b7e3-6ccc3ed8baec.jpg?x-oss-process=image/format,webp,image/resize,m_fill,m_pad,w_250,h_250","Genuine precision Wireless Bluetooth Headphones, Small, Portable, And Very Practical.. Manufactured for tactile durability and seamless workspace integration."
prod_cj_0105,Wireless Bluetooth-compatible Translation Headphones Portable In-ear Translator,Audio & Headphones,45.12,60.91,CJ-179749950946,85,"https://oss-cf.cjdropshipping.com/product/2024/06/03/06/56d58bb5-7571-4ae7-9ea6-2ca0f7ae427f_fine.jpeg?x-oss-process=image/format,webp,image/resize,m_fill,m_pad,w_250,h_250",Genuine precision Wireless Bluetooth-compatible Translation Headphones Portable In-ear Translator. Manufactured for tactile durability and seamless workspace integration.
prod_cj_0106,Internet Hot Anchor Dedicated Headphones 3 M Long Line,Audio & Headphones,5.44,7.34,CJ-250331074702,85,"https://oss-cf.cjdropshipping.com/product/2025/03/31/07/d965c2b6-8707-4369-836e-0334a7b745d9_trans.jpeg?x-oss-process=image/format,webp,image/resize,m_fill,m_pad,w_250,h_250",Genuine precision Internet Hot Anchor Dedicated Headphones 3 M Long Line. Manufactured for tactile durability and seamless workspace integration.
prod_cj_0107,Electric Standing Desk Whole Piece Adjustable Height Desk Home Office Computer Workstation,Workspace & Desk Accessories,194.31,262.32,CJ-189538065929,85,"https://cf.cjdropshipping.com/66d88ecf-81a3-4404-919b-ba8437352490.png?x-oss-process=image/format,webp,image/resize,m_fill,m_pad,w_250,h_250",Genuine precision Electric Standing Desk Whole Piece Adjustable Height Desk Home Office Computer Workstation. Manufactured for tactile durability and seamless workspace integration.
prod_cj_0108,Neck Wireless Bluetooth-compatible Earphones 9D Stereo Surround Headphone Magnetic Sport Neckband Headset,Audio & Headphones,11.96,16.15,CJ-240807071212,85,"https://oss-cf.cjdropshipping.com/product/2024/08/29/07/f2ed75a4-699d-4b1a-9b25-7fd3cb77eb50.jpg?x-oss-process=image/format,webp,image/resize,m_fill,m_pad,w_250,h_250",Genuine precision Neck Wireless Bluetooth-compatible Earphones 9D Stereo Surround Headphone Magnetic Sport Neckband Headset. Manufactured for tactile durability and seamless workspace integration.
prod_cj_0109,Ear Clip Bone Conduction Headphone Bluetooth-compatible 5.2 HIFI Wireless Earphone Touch Handsfree,Audio & Headphones,28.13,37.98,CJ-157868948023,85,"https://cf.cjdropshipping.com/029b739e-5785-4d5e-8a34-7afef9ddfaf7.jpg?x-oss-process=image/format,webp,image/resize,m_fill,m_pad,w_250,h_250",Genuine precision Ear Clip Bone Conduction Headphone Bluetooth-compatible 5.2 HIFI Wireless Earphone Touch Handsfree. Manufactured for tactile durability and seamless workspace integration.
prod_cj_0110,Tablet Computer Stand Aluminum Alloy Desktop Lazy Metal Cellphone Holder,Workspace & Desk Accessories,6.96,9.40,CJ-240905061536,85,"https://oss-cf.cjdropshipping.com/product/2024/09/05/09/1d2c4d41-95f2-42ca-9ad2-975a5ee35db1.jpg?x-oss-process=image/format,webp,image/resize,m_fill,m_pad,w_250,h_250",Genuine precision Tablet Computer Stand Aluminum Alloy Desktop Lazy Metal Cellphone Holder. Manufactured for tactile durability and seamless workspace integration.
prod_cj_0111,"Floor Standing Mirror, Wall Mirror With Stand Aluminum Alloy Thin Frame","Home, Wellness & Lifestyle",127.20,171.72,CJ-187220365194,85,"https://cc-west-usa.oss-us-west-1.aliyuncs.com/64aa1fb5-7775-44d3-ad77-33eb05c3ba11.jpg?x-oss-process=image/format,webp,image/resize,m_fill,m_pad,w_250,h_250","Genuine precision Floor Standing Mirror, Wall Mirror With Stand Aluminum Alloy Thin Frame. Manufactured for tactile durability and seamless workspace integration."
prod_cj_0112,Eye-brow Knife Safe Beginner Female Macro,Precision Tools & EDC,31.97,43.16,CJ-240611113715,85,"https://cf.cjdropshipping.com/quick/product/ddebc338-e888-42e7-9f9d-67e831a6423f.jpg?x-oss-process=image/format,webp,image/resize,m_fill,m_pad,w_250,h_250",Genuine precision Eye-brow Knife Safe Beginner Female Macro. Manufactured for tactile durability and seamless workspace integration.
prod_cj_0113,Macro Luminous Electric Home Cool color-Changing Wired Mouse,Keyboards & Peripherals,5.40,7.29,CJ-E0D4579D-B9B,85,"https://cc-west-usa.oss-accelerate.aliyuncs.com/2055/4207416308940.jpg?x-oss-process=image/format,webp,image/resize,m_fill,m_pad,w_250,h_250",Genuine precision Macro Luminous Electric Home Cool color-Changing Wired Mouse. Manufactured for tactile durability and seamless workspace integration.
prod_cj_0114,Fisheye Wide-angle Macro Telephoto Polarized 7pcs Mobile Phone Lens,Workspace & Desk Accessories,19.07,25.74,CJ-144918242891,85,"https://cc-west-usa.oss-accelerate.aliyuncs.com/a5b47650-f892-4765-a684-3ec8845315a7.jpg?x-oss-process=image/format,webp,image/resize,m_fill,m_pad,w_250,h_250",Genuine precision Fisheye Wide-angle Macro Telephoto Polarized 7pcs Mobile Phone Lens. Manufactured for tactile durability and seamless workspace integration.
prod_cj_0115,Wide-angle Macro Fisheye Lens Ten-in-one Suit External Camera Lens,Workspace & Desk Accessories,19.44,26.24,CJ-179645422741,85,"https://cf.cjdropshipping.com/quick/product/5e6570e4-418b-45dc-9d4e-6508ef7aed93.jpg?x-oss-process=image/format,webp,image/resize,m_fill,m_pad,w_250,h_250",Genuine precision Wide-angle Macro Fisheye Lens Ten-in-one Suit External Camera Lens. Manufactured for tactile durability and seamless workspace integration.
prod_cj_0116,Flat Support Elbow Pad Yoga Auxiliary Pad,"Home, Wellness & Lifestyle",4.64,6.26,CJ-179782944146,85,"https://cf.cjdropshipping.com/quick/product/e12e1365-a880-4cef-ac84-8e2b8f31279b.jpg?x-oss-process=image/format,webp,image/resize,m_fill,m_pad,w_250,h_250",Genuine precision Flat Support Elbow Pad Yoga Auxiliary Pad. Manufactured for tactile durability and seamless workspace integration.
prod_cj_0117,Pet Ice Pad Gel Cooling Ice Pad Summer Pet Pad Dog Mat,"Home, Wellness & Lifestyle",5.12,6.91,CJ-136996320318,85,"https://cf.cjdropshipping.com/1615459141576.jpg?x-oss-process=image/format,webp,image/resize,m_fill,m_pad,w_250,h_250",Genuine precision Pet Ice Pad Gel Cooling Ice Pad Summer Pet Pad Dog Mat. Manufactured for tactile durability and seamless workspace integration.
prod_cj_0118,Colored Cotton Baby Changing Pad Large Urine-proof Washable Breathable Cotton Nursing Pad,"Home, Wellness & Lifestyle",3.04,4.10,CJ-138477998812,85,"https://cf.cjdropshipping.com/1618991766089.jpg?x-oss-process=image/format,webp,image/resize,m_fill,m_pad,w_250,h_250",Genuine precision Colored Cotton Baby Changing Pad Large Urine-proof Washable Breathable Cotton Nursing Pad. Manufactured for tactile durability and seamless workspace integration.
prod_cj_0119,Sticky Pad,"Home, Wellness & Lifestyle",31.97,43.16,CJ-F90C9C0E-860,85,"https://oss-cf.cjdropshipping.com/product/2025/07/19/06/12eb2e1a-1ba4-45e2-9310-f8fefeebb8eb.jpg?x-oss-process=image/format,webp,image/resize,m_fill,m_pad,w_250,h_250",Genuine precision Sticky Pad. Manufactured for tactile durability and seamless workspace integration.
prod_cj_0120,VEVOR Car Body Dent Puller Bridge Lifter Tool Paintless Hail Remover Repair,Automotive & Travel,109.51,147.84,CJ-186754601511,85,"https://cc-west-usa.oss-us-west-1.aliyuncs.com/1af0aaf2-853e-4d52-aed4-53383620e575.jpg?x-oss-process=image/format,webp,image/resize,m_fill,m_pad,w_250,h_250",Genuine precision VEVOR Car Body Dent Puller Bridge Lifter Tool Paintless Hail Remover Repair. Manufactured for tactile durability and seamless workspace integration.
prod_cj_0121,A Precision Screwdriver Tool Set,Precision Tools & EDC,40.32,54.43,CJ-240612070315,85,"https://oss-cf.cjdropshipping.com/product/2024/06/12/07/9a5b16ed-6a7b-4641-b873-fa9b1a63cc04.jpg?x-oss-process=image/format,webp,image/resize,m_fill,m_pad,w_250,h_250",Genuine precision A Precision Screwdriver Tool Set. Manufactured for tactile durability and seamless workspace integration.
prod_cj_0122,32-in-1 Hardware Tool Combination Screwdriver Set,Precision Tools & EDC,9.48,12.80,CJ-241228074053,85,"https://oss-cf.cjdropshipping.com/product/2024/12/28/07/eed07f49-dc1c-4775-ae25-d142ec9daa29_trans.jpeg?x-oss-process=image/format,webp,image/resize,m_fill,m_pad,w_250,h_250",Genuine precision 32-in-1 Hardware Tool Combination Screwdriver Set. Manufactured for tactile durability and seamless workspace integration.
prod_cj_0123,"115 In 1 Precision Screwdriver Set, Super Durable Mini Professional Magnetic Repair",Precision Tools & EDC,47.94,64.72,CJ-183268473876,85,"https://cc-west-usa.oss-us-west-1.aliyuncs.com/77286396-1822-45f0-a0c4-b5d9e590bc30.jpg?x-oss-process=image/format,webp,image/resize,m_fill,m_pad,w_250,h_250","Genuine precision 115 In 1 Precision Screwdriver Set, Super Durable Mini Professional Magnetic Repair. Manufactured for tactile durability and seamless workspace integration."
prod_cj_0124,Electric Screwdriver Triangle Bit 5-piece Set,Precision Tools & EDC,3.44,4.64,CJ-250708120253,85,"https://oss-cf.cjdropshipping.com/product/2025/07/08/12/11b27016-f5ae-4fcc-9f2b-9318ed6f0431.jpg?x-oss-process=image/format,webp,image/resize,m_fill,m_pad,w_250,h_250",Genuine precision Electric Screwdriver Triangle Bit 5-piece Set. Manufactured for tactile durability and seamless workspace integration.
prod_cj_0125,Indoor Playground 7-in-1 Jungle Gym Toy Set,"Home, Wellness & Lifestyle",566.66,764.99,CJ-188046335111,85,"https://cc-west-usa.oss-us-west-1.aliyuncs.com/17371584/1880509836626759680.jpg?x-oss-process=image/format,webp,image/resize,m_fill,m_pad,w_250,h_250",Genuine precision Indoor Playground 7-in-1 Jungle Gym Toy Set. Manufactured for tactile durability and seamless workspace integration.
prod_cj_0126,3 in 1 PE Yoga Pillar Set Foam Shaft,"Home, Wellness & Lifestyle",29.98,40.47,CJ-560DC174-CD0,85,"https://cc-west-usa.oss-accelerate.aliyuncs.com/20200617/251901279117.jpg?x-oss-process=image/format,webp,image/resize,m_fill,m_pad,w_250,h_250",Genuine precision 3 in 1 PE Yoga Pillar Set Foam Shaft. Manufactured for tactile durability and seamless workspace integration.
prod_cj_0127,14-piece Set Impact Screwdriver Head Set Machine Repair Screwdriver Batch Suit Iron,Precision Tools & EDC,10.36,13.99,CJ-240614033032,85,"https://oss-cf.cjdropshipping.com/product/2024/06/14/06/b1e99f6d-5a0e-4778-bdb2-6dd66b141740.jpg?x-oss-process=image/format,webp,image/resize,m_fill,m_pad,w_250,h_250",Genuine precision 14-piece Set Impact Screwdriver Head Set Machine Repair Screwdriver Batch Suit Iron. Manufactured for tactile durability and seamless workspace integration.
prod_cj_0128,Grinding screwdriver,Precision Tools & EDC,9.24,12.47,CJ-9CAC48BD-132,85,"https://cc-west-usa.oss-accelerate.aliyuncs.com/15608736/2493126541243.jpg?x-oss-process=image/format,webp,image/resize,m_fill,m_pad,w_250,h_250",Genuine precision Grinding screwdriver. Manufactured for tactile durability and seamless workspace integration.
prod_cj_0129,High Precision Shading Plastic Glow-in-the-dark Stone Finished Fabric,"Home, Wellness & Lifestyle",13.40,18.09,CJ-250530085950,85,"https://oss-cf.cjdropshipping.com/product/2025/05/30/08/b58c35e1-ac74-42b7-bdaa-c8dffa5a69c2.jpg?x-oss-process=image/format,webp,image/resize,m_fill,m_pad,w_250,h_250",Genuine precision High Precision Shading Plastic Glow-in-the-dark Stone Finished Fabric. Manufactured for tactile durability and seamless workspace integration.
prod_cj_0130,Luggage 3-in-1,Automotive & Travel,244.60,330.21,CJ-186962636841,85,https://frontend-cf.cjdropshipping.com/config-resource/cj/img_default.jpeg,Genuine precision Luggage 3-in-1. Manufactured for tactile durability and seamless workspace integration.
prod_cj_0131,Cat Toy Set Cat Noise Toy With Built In Catnip Striped Pattern,"Home, Wellness & Lifestyle",7.24,9.77,CJ-182030214142,85,"https://cc-west-usa.oss-us-west-1.aliyuncs.com/0dd31d14-dc95-449b-964f-3cc4d24d1aea.jpg?x-oss-process=image/format,webp,image/resize,m_fill,m_pad,w_250,h_250",Genuine precision Cat Toy Set Cat Noise Toy With Built In Catnip Striped Pattern. Manufactured for tactile durability and seamless workspace integration.
prod_cj_0132,Dog Shower Attachment 2 In 1 Shower Hose Attachment Dog Bathing Soft,"Home, Wellness & Lifestyle",10.88,14.69,CJ-183152187677,85,https://frontend-cf.cjdropshipping.com/config-resource/cj/img_default.jpeg,Genuine precision Dog Shower Attachment 2 In 1 Shower Hose Attachment Dog Bathing Soft. Manufactured for tactile durability and seamless workspace integration.
prod_cj_0133,25 In 1 Immune Supplement,"Home, Wellness & Lifestyle",12.00,16.20,CJ-193487215148,85,https://frontend-cf.cjdropshipping.com/config-resource/cj/img_default.jpeg,Genuine precision 25 In 1 Immune Supplement. Manufactured for tactile durability and seamless workspace integration.
prod_cj_0134,Hammer screwdriver pull keychain,Precision Tools & EDC,2.04,2.75,CJ-DB71F70F-B40,85,"https://cc-west-usa.oss-us-west-1.aliyuncs.com/15831648/1897406696713.jpg?x-oss-process=image/format,webp,image/resize,m_fill,m_pad,w_250,h_250",Genuine precision Hammer screwdriver pull keychain. Manufactured for tactile durability and seamless workspace integration.
prod_cj_0135,Vehicle Navigation Player 2 64 Central Control Reversing Carplay Car Central Control,Automotive & Travel,148.20,200.07,CJ-178114875191,85,"https://cf.cjdropshipping.com/quick/product/324ceea1-e49a-4be3-bab3-26c235612e00.jpg?x-oss-process=image/format,webp,image/resize,m_fill,m_pad,w_250,h_250",Genuine precision Vehicle Navigation Player 2 64 Central Control Reversing Carplay Car Central Control. Manufactured for tactile durability and seamless workspace integration.
prod_cj_0136,Electric Pet Shaver 4-in-1 Set Digital Display Washing Dog Cat Scissors,"Home, Wellness & Lifestyle",28.67,38.70,CJ-250622032334,85,"https://oss-cf.cjdropshipping.com/product/2025/06/22/03/80d336c6-62fc-4e13-a6ea-c54fe7629ae0_trans.jpeg?x-oss-process=image/format,webp,image/resize,m_fill,m_pad,w_250,h_250",Genuine precision Electric Pet Shaver 4-in-1 Set Digital Display Washing Dog Cat Scissors. Manufactured for tactile durability and seamless workspace integration.
prod_cj_0137,Precise Silky Eyeliner Eye Shadow Pen Two-in-one,Precision Tools & EDC,31.97,43.16,CJ-240618052835,85,"https://oss-cf.cjdropshipping.com/product/2024/06/18/05/ef07de5d-4200-4200-a8d8-88897ee71470_trans.jpeg?x-oss-process=image/format,webp,image/resize,m_fill,m_pad,w_250,h_250",Genuine precision Precise Silky Eyeliner Eye Shadow Pen Two-in-one. Manufactured for tactile durability and seamless workspace integration.
prod_cj_0138,3-in-1 Dense Wax Heater,"Home, Wellness & Lifestyle",36.96,49.90,CJ-188774641501,85,https://frontend-cf.cjdropshipping.com/config-resource/cj/img_default.jpeg,Genuine precision 3-in-1 Dense Wax Heater. Manufactured for tactile durability and seamless workspace integration.
prod_cj_0140,"969 Piece Men's Home Repair Tool Set, Tool Box Organizer With 4",Precision Tools & EDC,361.91,488.58,CJ-189239075225,85,"https://cc-west-usa.oss-us-west-1.aliyuncs.com/42d953d9-788b-4b8d-844f-c9e1cfd560a9.jpg?x-oss-process=image/format,webp,image/resize,m_fill,m_pad,w_250,h_250","Genuine precision 969 Piece Men's Home Repair Tool Set, Tool Box Organizer With 4. Manufactured for tactile durability and seamless workspace integration."
prod_cj_0141,899 Piece Men's Home Repair Tool Set With 4 Drawers Tool Box,Precision Tools & EDC,356.69,481.53,CJ-189238939189,85,"https://cc-west-usa.oss-us-west-1.aliyuncs.com/a7126c0c-8347-4087-a732-a8adef32d900.jpg?x-oss-process=image/format,webp,image/resize,m_fill,m_pad,w_250,h_250",Genuine precision 899 Piece Men's Home Repair Tool Set With 4 Drawers Tool Box. Manufactured for tactile durability and seamless workspace integration.
prod_cj_0142,198pc Tool Set Black & Red,Precision Tools & EDC,99.60,134.46,CJ-186919580267,85,"https://cc-west-usa.oss-us-west-1.aliyuncs.com/5d2a2167-0209-4381-8a18-f43b234c517c.jpg?x-oss-process=image/format,webp,image/resize,m_fill,m_pad,w_250,h_250",Genuine precision 198pc Tool Set Black & Red. Manufactured for tactile durability and seamless workspace integration.
prod_cj_0143,General Fuel Timing Installation Tool Set,Precision Tools & EDC,59.23,79.96,CJ-250520022344,85,"https://oss-cf.cjdropshipping.com/product/2025/05/20/02/ce921134-1f09-4857-8613-b4f9f2dd82ce.jpg?x-oss-process=image/format,webp,image/resize,m_fill,m_pad,w_250,h_250",Genuine precision General Fuel Timing Installation Tool Set. Manufactured for tactile durability and seamless workspace integration.
prod_cj_0144,"Door Lock, Press And Unlock Tool","Home, Wellness & Lifestyle",81.26,109.70,CJ-139634791683,85,"https://cc-west-usa.oss-accelerate.aliyuncs.com/1621750070952.jpg?x-oss-process=image/format,webp,image/resize,m_fill,m_pad,w_250,h_250","Genuine precision Door Lock, Press And Unlock Tool. Manufactured for tactile durability and seamless workspace integration."
prod_cj_0145,Titanium Alloy Knife Holder Pocket Holder,Precision Tools & EDC,9.92,13.39,CJ-138007673945,85,"https://cc-west-usa.oss-accelerate.aliyuncs.com/1617870795798.jpg?x-oss-process=image/format,webp,image/resize,m_fill,m_pad,w_250,h_250",Genuine precision Titanium Alloy Knife Holder Pocket Holder. Manufactured for tactile durability and seamless workspace integration.
prod_cj_0146,Multi-pocket Pants Loose Casual,Apparel & Outerwear,23.87,32.22,CJ-250108062746,85,"https://cf.cjdropshipping.com/quick/product/1f1db296-41c6-4824-8a14-d04599f655a4.jpg?x-oss-process=image/format,webp,image/resize,m_fill,m_pad,w_250,h_250",Genuine precision Multi-pocket Pants Loose Casual. Manufactured for tactile durability and seamless workspace integration.
prod_cj_0147,Sports Multi-pocket Sweater Jacket,Apparel & Outerwear,26.53,35.82,CJ-171744051393,85,"https://cc-west-usa.cjdropshipping.com/quick/product/abc6917f-e05a-4263-860d-21731656219e.jpg?x-oss-process=image/format,webp,image/resize,m_fill,m_pad,w_250,h_250",Genuine precision Sports Multi-pocket Sweater Jacket. Manufactured for tactile durability and seamless workspace integration.
prod_cj_0148,Woodworking Planer Curved Sole Metal Thumb Planer Luthier Tool,Precision Tools & EDC,35.55,47.99,CJ-151413722935,85,"https://cc-west-usa.oss-accelerate.aliyuncs.com/1c744d61-2186-4df3-843d-49cd54a558ee.jpg?x-oss-process=image/format,webp,image/resize,m_fill,m_pad,w_250,h_250",Genuine precision Woodworking Planer Curved Sole Metal Thumb Planer Luthier Tool. Manufactured for tactile durability and seamless workspace integration.
prod_cj_0149,Straight Shank Twist Drill Bit Titanium Plated Hole Twist Drill Bit,Precision Tools & EDC,4.84,6.53,CJ-136586456680,85,"https://cc-west-usa.oss-accelerate.aliyuncs.com/1614482280620.jpg?x-oss-process=image/format,webp,image/resize,m_fill,m_pad,w_250,h_250",Genuine precision Straight Shank Twist Drill Bit Titanium Plated Hole Twist Drill Bit. Manufactured for tactile durability and seamless workspace integration.
prod_cj_0150,Multi-Color Casual Working Pants Multi-pocket Skinny Pants,Apparel & Outerwear,13.40,18.09,CJ-250902142240,85,"https://cf.cjdropshipping.com/quick/product/98faca92-d211-43a7-9e32-3dd48ed04d7f.jpg?x-oss-process=image/format,webp,image/resize,m_fill,m_pad,w_250,h_250",Genuine precision Multi-Color Casual Working Pants Multi-pocket Skinny Pants. Manufactured for tactile durability and seamless workspace integration.
prod_cj_0151,Heavy Industry Multi-pocket Denim Overalls,Apparel & Outerwear,28.67,38.70,CJ-241223030256,85,"https://cf.cjdropshipping.com/quick/product/ffbc40e5-d379-4167-9257-5a2a15ab18a0.jpg?x-oss-process=image/format,webp,image/resize,m_fill,m_pad,w_250,h_250",Genuine precision Heavy Industry Multi-pocket Denim Overalls. Manufactured for tactile durability and seamless workspace integration.
prod_cj_0152,Women's Overalls Multi-pocket Design Elastic,Apparel & Outerwear,29.18,39.39,CJ-250310011833,85,"https://cf.cjdropshipping.com/quick/product/c2e91da3-3f3a-4888-b56e-29dfec27d2c0.jpg?x-oss-process=image/format,webp,image/resize,m_fill,m_pad,w_250,h_250",Genuine precision Women's Overalls Multi-pocket Design Elastic. Manufactured for tactile durability and seamless workspace integration.
prod_cj_0153,American-style Multi-pocket Shorts Breathable,Apparel & Outerwear,45.41,61.30,CJ-240616033614,85,"https://oss-cf.cjdropshipping.com/product/2024/06/16/03/91435c8c-8da0-47e6-b5d5-3412e8f9c0ba_fine.jpeg?x-oss-process=image/format,webp,image/resize,m_fill,m_pad,w_250,h_250",Genuine precision American-style Multi-pocket Shorts Breathable. Manufactured for tactile durability and seamless workspace integration.
prod_cj_0154,Repair Watch Replaceable Plug Watchband Replacement And Disassembly Watchband Tool,Precision Tools & EDC,31.97,43.16,CJ-250407052429,85,"https://oss-cf.cjdropshipping.com/product/2025/04/07/08/ecebfe5d-1737-4b52-a5df-5bfc4f39ca51_fine.jpeg?x-oss-process=image/format,webp,image/resize,m_fill,m_pad,w_250,h_250",Genuine precision Repair Watch Replaceable Plug Watchband Replacement And Disassembly Watchband Tool. Manufactured for tactile durability and seamless workspace integration.
prod_cj_0155,Men's Multi-Pocket Casual Drawstring Overalls,Apparel & Outerwear,49.26,66.50,CJ-26F29D9A-75F,85,https://frontend-cf.cjdropshipping.com/config-resource/cj/img_default.jpeg,Genuine precision Men's Multi-Pocket Casual Drawstring Overalls. Manufactured for tactile durability and seamless workspace integration.
prod_cj_0156,Multi-pocket Denim Ripped Leisure Shorts,Apparel & Outerwear,44.54,60.13,CJ-250308014333,85,"https://cf.cjdropshipping.com/quick/product/8fb6e13c-35ce-4ba8-b100-3ae85f7582c9.jpg?x-oss-process=image/format,webp,image/resize,m_fill,m_pad,w_250,h_250",Genuine precision Multi-pocket Denim Ripped Leisure Shorts. Manufactured for tactile durability and seamless workspace integration.
prod_cj_0157,Utility Knife Blade For Art Students,Precision Tools & EDC,5.20,7.02,CJ-138037277439,85,"https://cc-west-usa.oss-accelerate.aliyuncs.com/1617938466717.jpg?x-oss-process=image/format,webp,image/resize,m_fill,m_pad,w_250,h_250",Genuine precision Utility Knife Blade For Art Students. Manufactured for tactile durability and seamless workspace integration.
prod_cj_0158,Cleaning Knife Planing Tool,Precision Tools & EDC,7.36,9.94,CJ-25875DB8-F2A,85,"https://cc-west-usa.oss-accelerate.aliyuncs.com/20200714/2857653999459.jpg?x-oss-process=image/format,webp,image/resize,m_fill,m_pad,w_250,h_250",Genuine precision Cleaning Knife Planing Tool. Manufactured for tactile durability and seamless workspace integration.
prod_cj_0159,Folding Knife Outdoor Camping Mini Portable Knife,Precision Tools & EDC,16.13,21.78,CJ-250701082211,85,"https://cf.cjdropshipping.com/quick/product/5a856429-0ae6-42d7-baf2-bcbace1e37b9.jpg?x-oss-process=image/format,webp,image/resize,m_fill,m_pad,w_250,h_250",Genuine precision Folding Knife Outdoor Camping Mini Portable Knife. Manufactured for tactile durability and seamless workspace integration.
prod_cj_0160,Professional class woodworking trimming knife,Precision Tools & EDC,5.20,7.02,CJ-0F7A385D-F91,85,"https://cc-west-usa.oss-accelerate.aliyuncs.com/2042/1366542372963.jpg?x-oss-process=image/format,webp,image/resize,m_fill,m_pad,w_250,h_250",Genuine precision Professional class woodworking trimming knife. Manufactured for tactile durability and seamless workspace integration.
prod_cj_0161,LED Pool Light 18W RGB,Lighting & Ambience,45.00,60.75,CJ-241217083954,85,"https://cf.cjdropshipping.com/quick/product/966bff4b-4fc7-4932-9f8b-e2976ac6021b.jpg?x-oss-process=image/format,webp,image/resize,m_fill,m_pad,w_250,h_250",Genuine precision LED Pool Light 18W RGB. Manufactured for tactile durability and seamless workspace integration.
prod_cj_0162,Waterproof New RGB LED Solar Light Step Fence Light,Lighting & Ambience,11.08,14.96,CJ-136304579460,85,"https://cf.cjdropshipping.com/1614679282500.jpg?x-oss-process=image/format,webp,image/resize,m_fill,m_pad,w_250,h_250",Genuine precision Waterproof New RGB LED Solar Light Step Fence Light. Manufactured for tactile durability and seamless workspace integration.
prod_cj_0163,RGB Full Color Pocket LED Photography Portable Mini Light Effect Light Painting,Lighting & Ambience,137.40,185.49,CJ-250224051928,85,"https://oss-cf.cjdropshipping.com/product/2025/02/24/05/30c5f243-5192-419c-aee7-d26913c8c71a_trans.jpeg?x-oss-process=image/format,webp,image/resize,m_fill,m_pad,w_250,h_250",Genuine precision RGB Full Color Pocket LED Photography Portable Mini Light Effect Light Painting. Manufactured for tactile durability and seamless workspace integration.
prod_cj_0164,LED Light Supplementary Aluminum Floor Lamp Study Decorative Lamp,Lighting & Ambience,75.43,101.83,CJ-141521069410,85,"https://cc-west-usa.oss-accelerate.aliyuncs.com/b17cdf2d-cdf3-49bc-baa5-43fdec110288.jpg?x-oss-process=image/format,webp,image/resize,m_fill,m_pad,w_250,h_250",Genuine precision LED Light Supplementary Aluminum Floor Lamp Study Decorative Lamp. Manufactured for tactile durability and seamless workspace integration.
prod_cj_0165,Self-timer Lamp LED Rechargeable Light For Mobile,Lighting & Ambience,23.87,32.22,CJ-250107030812,85,"https://cf.cjdropshipping.com/quick/product/8ea18a64-06e8-4f0c-92f1-678992c5aeee.jpg?x-oss-process=image/format,webp,image/resize,m_fill,m_pad,w_250,h_250",Genuine precision Self-timer Lamp LED Rechargeable Light For Mobile. Manufactured for tactile durability and seamless workspace integration.
prod_cj_0166,LED Night Light Mushroom Wall Socket Lamp EU US Plug Warm White,Lighting & Ambience,2.56,3.46,CJ-138259299123,85,"https://cf.cjdropshipping.com/9fa9018f-841d-41bb-b592-0035d27f2add.jpg?x-oss-process=image/format,webp,image/resize,m_fill,m_pad,w_250,h_250",Genuine precision LED Night Light Mushroom Wall Socket Lamp EU US Plug Warm White. Manufactured for tactile durability and seamless workspace integration.
prod_cj_0167,Factory Direct 10W RGB Bottom Lamp Seven Color Remote Control 10W RGB,Lighting & Ambience,13.12,17.71,CJ-C08540C2-377,85,"https://cc-west-usa.oss-accelerate.aliyuncs.com/15133536/3397025003_1776819744.jpg?x-oss-process=image/format,webp,image/resize,m_fill,m_pad,w_250,h_250",Genuine precision Factory Direct 10W RGB Bottom Lamp Seven Color Remote Control 10W RGB. Manufactured for tactile durability and seamless workspace integration.
prod_cj_0168,LED Light For Camping Type-c Charging Portable RGB Small Night Lamp,Smart Gear & Power,14.08,19.01,CJ-240621095350,85,"https://oss-cf.cjdropshipping.com/product/2024/06/21/09/8478d9d7-5a77-40a4-b699-038f5ddbdd87_trans.jpeg?x-oss-process=image/format,webp,image/resize,m_fill,m_pad,w_250,h_250",Genuine precision LED Light For Camping Type-c Charging Portable RGB Small Night Lamp. Manufactured for tactile durability and seamless workspace integration.
prod_cj_0169,Ambience Light Restaurant Bar LED Charging Touch Small Night Lamp,Smart Gear & Power,21.95,29.63,CJ-240802073243,85,"https://cf.cjdropshipping.com/quick/product/fc1f1771-9984-46dd-aa6c-5c18fb04f855.jpg?x-oss-process=image/format,webp,image/resize,m_fill,m_pad,w_250,h_250",Genuine precision Ambience Light Restaurant Bar LED Charging Touch Small Night Lamp. Manufactured for tactile durability and seamless workspace integration.
prod_cj_0170,Outdoor Solar Stair Light Waterproof LED,Lighting & Ambience,12.08,16.31,CJ-141627099018,85,"https://cc-west-usa.oss-accelerate.aliyuncs.com/bd6df022-ca6c-4829-8734-a8d3c781db78.jpg?x-oss-process=image/format,webp,image/resize,m_fill,m_pad,w_250,h_250",Genuine precision Outdoor Solar Stair Light Waterproof LED. Manufactured for tactile durability and seamless workspace integration.
prod_cj_0171,Magnetic Levitation Table Lamp Moon Light 3D Printing Planet Night Light,Lighting & Ambience,94.71,127.86,CJ-138511645072,85,"https://cf.cjdropshipping.com/1619072214470.jpg?x-oss-process=image/format,webp,image/resize,m_fill,m_pad,w_250,h_250",Genuine precision Magnetic Levitation Table Lamp Moon Light 3D Printing Planet Night Light. Manufactured for tactile durability and seamless workspace integration.
prod_cj_0172,Portable Household 25 Inch LED Dual Light Lens,Lighting & Ambience,37.15,50.15,CJ-250311053305,85,"https://cf.cjdropshipping.com/quick/product/c7bd2449-d8ab-4f2e-a80a-daff943937ff.jpg?x-oss-process=image/format,webp,image/resize,m_fill,m_pad,w_250,h_250",Genuine precision Portable Household 25 Inch LED Dual Light Lens. Manufactured for tactile durability and seamless workspace integration.
prod_cj_0173,New LED Body Induction Small Night Light USB Charging,Smart Gear & Power,5.08,6.86,CJ-135898278750,85,"https://cc-west-usa.oss-accelerate.aliyuncs.com/1612841535694.jpg?x-oss-process=image/format,webp,image/resize,m_fill,m_pad,w_250,h_250",Genuine precision New LED Body Induction Small Night Light USB Charging. Manufactured for tactile durability and seamless workspace integration.
prod_cj_0174,Induction Folding Desktop Phone Stand Multifunctional Wireless Speaker Ambient Light,Lighting & Ambience,16.84,22.73,CJ-251116055350,85,"https://oss-cf.cjdropshipping.com/product/2026/05/20/06/f351e8d6-11f3-4ca1-beb2-8f4a8b1f3d0a.jpg?x-oss-process=image/format,webp,image/resize,m_fill,m_pad,w_250,h_250",Genuine precision Induction Folding Desktop Phone Stand Multifunctional Wireless Speaker Ambient Light. Manufactured for tactile durability and seamless workspace integration.
prod_cj_0175,Dual Remote 24 Button Ambient Light,Lighting & Ambience,81.77,110.39,CJ-139165309980,85,"https://cc-west-usa.oss-accelerate.aliyuncs.com/1620630875996.jpg?x-oss-process=image/format,webp,image/resize,m_fill,m_pad,w_250,h_250",Genuine precision Dual Remote 24 Button Ambient Light. Manufactured for tactile durability and seamless workspace integration.
prod_cj_0176,Outdoor USB Handheld Multifunctional Charging Ambient Light,Smart Gear & Power,46.37,62.60,CJ-179672693200,85,"https://cf.cjdropshipping.com/quick/product/3721613a-ba09-49ad-9073-94de9ab9d854.jpg?x-oss-process=image/format,webp,image/resize,m_fill,m_pad,w_250,h_250",Genuine precision Outdoor USB Handheld Multifunctional Charging Ambient Light. Manufactured for tactile durability and seamless workspace integration.
prod_cj_0177,Abstract Entryway Decorative Painting Led Ambient Sense Light,Lighting & Ambience,100.91,136.23,CJ-158373149800,85,"https://cc-west-usa.oss-accelerate.aliyuncs.com/45049566-7a3f-442a-8e9f-6d1f44f4b584.jpg?x-oss-process=image/format,webp,image/resize,m_fill,m_pad,w_250,h_250",Genuine precision Abstract Entryway Decorative Painting Led Ambient Sense Light. Manufactured for tactile durability and seamless workspace integration.
prod_cj_0178,LED Night Light Flower Crystal Ball Children Night Lamp With Woodern Base,Lighting & Ambience,24.19,32.66,CJ-175980038897,85,"https://oss-cf.cjdropshipping.com/product/2024/03/01/08/faef2db3-89e6-4857-8725-b0f17612e340.jpg?x-oss-process=image/format,webp,image/resize,m_fill,m_pad,w_250,h_250",Genuine precision LED Night Light Flower Crystal Ball Children Night Lamp With Woodern Base. Manufactured for tactile durability and seamless workspace integration.
prod_cj_0179,Resin Night Light Jesus Desktop Decoration Crafts,Lighting & Ambience,71.09,95.97,CJ-250115015957,85,"https://oss-cf.cjdropshipping.com/product/2025/01/15/01/45e25da0-21cf-4952-827e-5b648a9014c0_fine.jpeg?x-oss-process=image/format,webp,image/resize,m_fill,m_pad,w_250,h_250",Genuine precision Resin Night Light Jesus Desktop Decoration Crafts. Manufactured for tactile durability and seamless workspace integration.
prod_cj_0180,Colorful Cup Holder LED Light-up Coaster Solar & USB Charging Non-slip Coaster,Automotive & Travel,6.44,8.69,CJ-143398571041,85,"https://cf.cjdropshipping.com/f0bbebdc-a065-46fe-b5c4-0043bbe499b0.jpg?x-oss-process=image/format,webp,image/resize,m_fill,m_pad,w_250,h_250",Genuine precision Colorful Cup Holder LED Light-up Coaster Solar & USB Charging Non-slip Coaster. Manufactured for tactile durability and seamless workspace integration.
prod_cj_0181,New Air Humidifier Desktop Creative Led Light Charging,"Home, Wellness & Lifestyle",16.42,22.17,CJ-153880052238,85,"https://cc-west-usa.oss-accelerate.aliyuncs.com/cd12b004-a33f-4329-bfe6-9dade06373f4.jpg?x-oss-process=image/format,webp,image/resize,m_fill,m_pad,w_250,h_250",Genuine precision New Air Humidifier Desktop Creative Led Light Charging. Manufactured for tactile durability and seamless workspace integration.
prod_cj_0182,Tube Top Light Wedding Dress Bride Simple Long,Apparel & Outerwear,47.60,64.26,CJ-240630150039,85,"https://cf.cjdropshipping.com/quick/product/8e4cbbaf-3769-4218-b5a8-b913a63edd7d.jpg?x-oss-process=image/format,webp,image/resize,m_fill,m_pad,w_250,h_250",Genuine precision Tube Top Light Wedding Dress Bride Simple Long. Manufactured for tactile durability and seamless workspace integration.
prod_cj_0183,Simulation Flame Aromatherapy Humidifier 200ml Large Fog Volume Remote Control Ambient Light,"Home, Wellness & Lifestyle",35.55,47.99,CJ-179103785672,85,"https://cc-west-usa.oss-us-west-1.aliyuncs.com/5799098b-9cbc-4435-8be5-423034136d47.jpg?x-oss-process=image/format,webp,image/resize,m_fill,m_pad,w_250,h_250",Genuine precision Simulation Flame Aromatherapy Humidifier 200ml Large Fog Volume Remote Control Ambient Light. Manufactured for tactile durability and seamless workspace integration.
prod_cj_0184,3 In 1 Anti-Gravity Humidifier Multifunctional Aromatherapy Machine Bluetooth-compatible Speaker Fish Tank,"Home, Wellness & Lifestyle",47.23,63.76,CJ-176747365574,85,"https://oss-cf.cjdropshipping.com/product/2024/04/07/07/4bbd5dea-4048-4cac-8763-cd0727a15610.jpg?x-oss-process=image/format,webp,image/resize,m_fill,m_pad,w_250,h_250",Genuine precision 3 In 1 Anti-Gravity Humidifier Multifunctional Aromatherapy Machine Bluetooth-compatible Speaker Fish Tank. Manufactured for tactile durability and seamless workspace integration.
prod_cj_0185,Water level sensor,Automotive & Travel,17.95,24.23,CJ-A81FD447-164,85,"https://cf.cjdropshipping.com/15155136/5402636246_1156516420.400x400.jpg?x-oss-process=image/format,webp,image/resize,m_fill,m_pad,w_250,h_250",Genuine precision Water level sensor. Manufactured for tactile durability and seamless workspace integration.
prod_cj_0186,Table lamp USB LED reading book light touch sensor,Smart Gear & Power,20.74,28.00,CJ-7340352E-91A,85,"https://cf.cjdropshipping.com/20190831/961020469983.png?x-oss-process=image/format,webp,image/resize,m_fill,m_pad,w_250,h_250",Genuine precision Table lamp USB LED reading book light touch sensor. Manufactured for tactile durability and seamless workspace integration.
prod_cj_0187,Knock sensor,Automotive & Travel,31.97,43.16,CJ-BA960A78-B56,85,"https://cc-west-usa.oss-accelerate.aliyuncs.com/20200715/2850100698534.jpg?x-oss-process=image/format,webp,image/resize,m_fill,m_pad,w_250,h_250",Genuine precision Knock sensor. Manufactured for tactile durability and seamless workspace integration.
prod_cj_0188,Touch Screen LCD Screen R11ST Internal And External Integrated Display,Workspace & Desk Accessories,43.17,58.28,CJ-155985418282,85,"https://cf.cjdropshipping.com/2751e9a7-7c4e-44fe-96ee-8161778723d5.jpg?x-oss-process=image/format,webp,image/resize,m_fill,m_pad,w_250,h_250",Genuine precision Touch Screen LCD Screen R11ST Internal And External Integrated Display. Manufactured for tactile durability and seamless workspace integration.
prod_cj_0189,Cute Duck LED Night Lamp Cartoon Silicone USB Rechargeable Sleeping Light Touch,Lighting & Ambience,19.10,25.79,CJ-176666354758,85,"https://oss-cf.cjdropshipping.com/product/2024/04/15/09/b7706a9e-e893-432c-a7cc-87f24bc3b9d3.jpg?x-oss-process=image/format,webp,image/resize,m_fill,m_pad,w_250,h_250",Genuine precision Cute Duck LED Night Lamp Cartoon Silicone USB Rechargeable Sleeping Light Touch. Manufactured for tactile durability and seamless workspace integration.
prod_cj_0190,Home Decor Silicone Night Light Bedside Table Lamp LED Touch Sensor Lamp,Lighting & Ambience,17.50,23.62,CJ-169454138920,85,"https://oss.cjdropshipping.com/product/2023/10/23/06/28de2f31-58a6-4977-a7aa-0e0bd0f53a02.jpg?x-oss-process=image/format,webp,image/resize,m_fill,m_pad,w_250,h_250",Genuine precision Home Decor Silicone Night Light Bedside Table Lamp LED Touch Sensor Lamp. Manufactured for tactile durability and seamless workspace integration.
prod_cj_0191,"Bedside Lamp Touch Table Lamp With Natural Sounds, Desk Lamp With Alarm",Lighting & Ambience,71.09,95.97,CJ-175332640158,85,"https://oss-cf.cjdropshipping.com/product/2024/03/25/05/e644ff3e-8cc3-4d3c-955a-bd120317e970.jpg?x-oss-process=image/format,webp,image/resize,m_fill,m_pad,w_250,h_250","Genuine precision Bedside Lamp Touch Table Lamp With Natural Sounds, Desk Lamp With Alarm. Manufactured for tactile durability and seamless workspace integration."
prod_cj_0192,Automotive water temperature sensor,Automotive & Travel,31.97,43.16,CJ-942C27DE-93D,85,"https://cf.cjdropshipping.com/2052/102865616082.jpg?x-oss-process=image/format,webp,image/resize,m_fill,m_pad,w_250,h_250",Genuine precision Automotive water temperature sensor. Manufactured for tactile durability and seamless workspace integration.
prod_cj_0193,Double-sided Luminous USB Rechargeable Touch Adjustable Light Bedside Lamp,Smart Gear & Power,22.46,30.32,CJ-178957412980,85,"https://cf.cjdropshipping.com/quick/product/cf8dafea-b142-4996-a611-14b799ca30d7.jpg?x-oss-process=image/format,webp,image/resize,m_fill,m_pad,w_250,h_250",Genuine precision Double-sided Luminous USB Rechargeable Touch Adjustable Light Bedside Lamp. Manufactured for tactile durability and seamless workspace integration.
prod_cj_0194,Pencil 1nd Gen Storage Box Touch Tablet Pen Accessories Portable Hard Cover,Workspace & Desk Accessories,5.72,7.72,CJ-139818568747,85,"https://cf.cjdropshipping.com/1622187588002.jpg?x-oss-process=image/format,webp,image/resize,m_fill,m_pad,w_250,h_250",Genuine precision Pencil 1nd Gen Storage Box Touch Tablet Pen Accessories Portable Hard Cover. Manufactured for tactile durability and seamless workspace integration.
prod_cj_0195,Cute LED Night Light Touch Sensor Cartoon Kid's Nightlights Big Face Rabbit,Lighting & Ambience,16.99,22.94,CJ-177003534126,85,"https://oss-cf.cjdropshipping.com/product/2024/04/29/03/1b0f237d-a557-4ea2-b497-5fc2445be890.jpg?x-oss-process=image/format,webp,image/resize,m_fill,m_pad,w_250,h_250",Genuine precision Cute LED Night Light Touch Sensor Cartoon Kid's Nightlights Big Face Rabbit. Manufactured for tactile durability and seamless workspace integration.
prod_cj_0196,Wired Pir Motion Sensor Passive Infrared Detector Wall Mounted Warning Alarm Relay,"Home, Wellness & Lifestyle",11.72,15.82,CJ-162061057345,85,"https://cf.cjdropshipping.com/807bf2fd-0011-4bb4-8dce-999cfab55e59.jpg?x-oss-process=image/format,webp,image/resize,m_fill,m_pad,w_250,h_250",Genuine precision Wired Pir Motion Sensor Passive Infrared Detector Wall Mounted Warning Alarm Relay. Manufactured for tactile durability and seamless workspace integration.
prod_cj_0197,LED Rooster Night Light Touch With Sound Rechargeable Bedroom Bedside Lamp Dimmable,Lighting & Ambience,25.89,34.95,CJ-241114034058,85,"https://oss-cf.cjdropshipping.com/product/2024/12/02/08/93b6afb1-ea1d-4240-ab41-269bc0e4d57a.jpg?x-oss-process=image/format,webp,image/resize,m_fill,m_pad,w_250,h_250",Genuine precision LED Rooster Night Light Touch With Sound Rechargeable Bedroom Bedside Lamp Dimmable. Manufactured for tactile durability and seamless workspace integration.
prod_cj_0198,Halloween Silicone Ghost Shaped Bedside Lamp With Touch Control Soft Glow For,Lighting & Ambience,17.84,24.08,CJ-240815032654,85,"https://oss-cf.cjdropshipping.com/product/2024/09/09/08/4934d1b2-5550-47aa-8ba8-4229de7188b2.jpg?x-oss-process=image/format,webp,image/resize,m_fill,m_pad,w_250,h_250",Genuine precision Halloween Silicone Ghost Shaped Bedside Lamp With Touch Control Soft Glow For. Manufactured for tactile durability and seamless workspace integration.
prod_cj_0199,Simple Bedside Lamp Round Aisle Wall Lamp,Lighting & Ambience,19.68,26.57,CJ-241124031021,85,"https://cf.cjdropshipping.com/quick/product/d544c414-9753-4e52-890c-f2035f164503.jpg?x-oss-process=image/format,webp,image/resize,m_fill,m_pad,w_250,h_250",Genuine precision Simple Bedside Lamp Round Aisle Wall Lamp. Manufactured for tactile durability and seamless workspace integration.
prod_cj_0200,Bedroom Bedside Vertical Table Lamp Floor Lamp,Lighting & Ambience,45.63,61.60,CJ-250724023236,85,"https://cf.cjdropshipping.com/quick/product/edfd85a3-9225-4063-aaa2-d6ace0ad213e.jpg?x-oss-process=image/format,webp,image/resize,m_fill,m_pad,w_250,h_250",Genuine precision Bedroom Bedside Vertical Table Lamp Floor Lamp. Manufactured for tactile durability and seamless workspace integration.
prod_edc_tool,Vektor Grade-5 Titanium Precision Pocket Multi-Tool,Precision Tools & EDC,55.00,74.25,NYX-EDC-VEK01,87,/static/images/products/nyxeris-vektor-titanium-tool.jpg,"Precision EDM-wire-cut Grade 5 Titanium pocket pry-bar, bottle opener, hex wrench array, metric ruler, and concealed tungsten carbide glass-breaker stylus. Finished with a durable diamond-like carbon (DLC) coating."
prod_horizon_light,Horizon Pro Screen Ambient Asymmetric Light Bar,Lighting & Ambience,89.00,120.15,NYX-LGT-HRZ01,53,/static/images/products/nyxeris-horizon-screenbar-light.jpg,"Asymmetric optical monitor light bar with zero screen glare, touch-sensitive capacitive remote dial, and intelligent dynamic ambient back-glow. Supports Ra95 high CRI natural lighting with 2700K - 6500K stepless temperature control."
prod_lumina_pad,Oversized Thickened Precision Seaming Computer Desk Mat,Workspace & Desk Accessories,4.56,6.16,CJ-138692818928,67,/static/images/products/nyxeris-lumina-desk-mat.jpg,Genuine precision Oversized Thickened Precision Seaming Computer Desk Mat. Manufactured for tactile durability and seamless workspace integration.
prod_nyxeris_horizon_screenbar_light,Monitor Hanging Light Zhirui Screen Light Bedroom Dormitory Desk,Lighting & Ambience,46.74,63.10,CJ-140179564451,85,"https://cc-west-usa.oss-accelerate.aliyuncs.com/1623049014121.jpg?x-oss-process=image/format,webp,image/resize,m_fill,m_pad,w_250,h_250",Genuine precision Monitor Hanging Light Zhirui Screen Light Bedroom Dormitory Desk. Manufactured for tactile durability and seamless workspace integration.
prod_nyxeris_matrix_magsafe_station,3 In 1 Magnetic Foldable Wireless Charger Charging Station Multi-device Folding Cell,Smart Gear & Power,45.06,60.83,CJ-161952525684,85,"https://cf.cjdropshipping.com/73873978-3774-4732-897f-179e0dec507b.jpg?x-oss-process=image/format,webp,image/resize,m_fill,m_pad,w_250,h_250",Genuine precision 3 In 1 Magnetic Foldable Wireless Charger Charging Station Multi-device Folding Cell. Manufactured for tactile durability and seamless workspace integration.
prod_nyxeris_vektor_titanium_tool,Titanium Alloy Portable EDC Tactical Pen Mini Self-defense,Precision Tools & EDC,28.80,38.88,CJ-240629081511,85,"https://cf.cjdropshipping.com/quick/product/58c9922f-6825-42d8-9048-41c7b37f235e.jpg?x-oss-process=image/format,webp,image/resize,m_fill,m_pad,w_250,h_250",Genuine precision Titanium Alloy Portable EDC Tactical Pen Mini Self-defense. Manufactured for tactile durability and seamless workspace integration.
prod_obsidian_board,Apex-65 Magnetic HE Rapid-Trigger Mechanical Keyboard,Keyboards & Peripherals,194.29,262.29,NYX-KB-APX65,42,https://images.unsplash.com/photo-1595225476474-87563907a212?w=800&auto=format&fit=crop&q=80,"High-performance Hall Effect 65% CNC anodized aluminum mechanical keyboard. Rapid-trigger 0.1mm actuation, pre-lubed Gateron Jade magnetic switches, and per-key RGB backlighting with sound-dampening poron gasket structure."
prod_pulse_dock,Matrix 3-in-1 Foldable Qi2 MagSafe Fast Power Station,Smart Gear & Power,95.00,128.25,NYX-PWR-MTX31,78,/static/images/products/nyxeris-matrix-magsafe-station.jpg,"Aerospace-grade billet aluminum fast wireless charging station for Phone, Watch, and Earbuds. Delivers certified 15W Qi2 fast magnetic alignment in an ultra-compact pocket-fold architecture."
